Workbook

Sheet yields
A1: 0 | B1: 42064 | C1: 42078 | D1: 42156 | E1: 42248 | F1: 42262 | G1: 42339 | H1: 42339 | I1: 42430 | J1: 42444 | K1: 42522 | L1: 42614 | M1: 42614 | N1: 42628 | O1: 42705 | P1: 42809 | Q1: 42887 | R1: 42993 | S1: 43070 | T1: 43174 | U1: 43252 | V1: 43358 | W1: 43435 | X1: 43539 | Y1: 43617 | Z1: 43723 | AA1: 43800 | AB1: 43905 | AC1: 43983 | AD1: 43983 | AE1: 44089 | AF1: 44166 | AG1: 44270 | AH1: 44270 | AI1: 44348 | AJ1: 44348 | AK1: 44531 | AL1: 44713 | AM1: 44713 | AN1: 44896 | AO1: 45078 | AP1: 45078 | AQ1: 45261 | AR1: 45444 | AS1: 45627 | AT1: 45809 | AU1: 45809 | AV1: 47453 | AW1: 47635 | AX1: 47818 | AY1: 48000 | AZ1: 48183 | BA1: 48366 | BB1: 48549 | BC1: 48731 | BD1: 48731 | BE1: 51836 | BF1: 52018 | BG1: 52201 | BH1: 52383 | BI1: 52566 | BJ1: 52749 | BK1: 52932 | BL1: 53114 | BM1: 53297 | BN1: 53297 | BO1: 53479 | BP1: 53662 | BQ1: 53844 | BR1: 54027 | BS1: 54210 | BT1: 54393 | BU1: 54393 | BV1: 54575 | BW1: 54758 | BX1: 54940 | BY1: 55123 | BZ1: 55305 | CA1: 55488 | CB1: 55671 | CC1: 55854 | CD1: 56036 | CE1: 56219 | CF1: 56401 | CG1: 56584 | CH1: 56766 | CI1: 56949 | CJ1: 57132 | CK1: 57315 | CL1: 57497 | CM1: 57680 | CN1: 57862 | CO1: 58045 | CP1: 58227 | CQ1: 58410 | CR1: 58593 | CS1: 58776 | CT1: 58958 | CU1: 59141 | CV1: 59323 | CW1: 59506 | CX1: 59688 | CY1: 59871 | CZ1: 60054 | DA1: 60237 | DB1: 60237
A2: 42006 | B2: 0.88329 | C2: 0.97628 | D2: 0.94752 | E2: 0.95279 | F2: 0.97214 | G2: 1.02206 | H2: 1.03671 | I2: 0.96034 | J2: 0.99392 | K2: 1.01631 | L2: 1.01343 | M2: 0.99933 | N2: 1.10608 | O2: 1.11466 | P2: 1.04766 | Q2: 1.0728 | R2: 1.15012 | S2: 1.19306 | T2: 1.2104 | U2: 1.2312 | V2: 1.28181 | W2: 1.34603 | X2: 1.39843 | Y2: 1.34612 | Z2: 1.41706 | AA2: 1.41125 | AB2: 1.45638 | AC2: 1.41446 | AD2: 1.36108 | AE2: 1.51236 | AF2: 1.54594 | AG2: 1.60034 | AH2: 1.5843 | AI2: 1.61886 | AJ2: 1.45353 | AK2: 1.67725 | AL2: 1.73723 | AM2: 1.5939 | AN2: 1.79204 | AO2: 1.83093 | AP2: 1.65731 | AQ2: 1.88245 | AR2: 1.92497 | AS2: 1.95502 | AT2: 1.97108 | AU2: 1.88951 | AV2: 2.24468 | AW2: 2.24459 | AX2: 2.28349 | AY2: 2.30524 | AZ2: 2.32965 | BA2: 2.36229 | BB2: 2.38392 | BC2: 2.39882 | BD2: 2.28741 | BE2: 2.43362 | BF2: 2.42366 | BG2: 2.41349 | BH2: 2.40765 | BI2: 2.40767 | BJ2: 2.40502 | BK2: 2.40005 | BL2: 2.39435 | BM2: 2.39465 | BN2: 2.32379 | BO2: 2.38969 | BP2: 2.3897 | BQ2: 2.38146 | BR2: 2.38148 | BS2: 2.38149 | BV2: 2.3782 | BW2: 2.37755 | BX2: 2.37756 | BY2: 2.37491 | BZ2: 2.37493 | CA2: 2.37494 | CB2: 2.37495 | CC2: 2.37496 | CD2: 2.37164 | CE2: 2.37165 | CF2: 2.37166 | CG2: 2.37167 | CH2: 2.36535 | CI2: 2.36503 | CJ2: 2.36537 | CK2: 2.36538 | CL2: 2.36539 | CM2: 2.3654 | CN2: 2.36499 | CO2: 2.36292 | CP2: 2.35485 | CR2: 2.35793 | CS2: 2.34737 | CT2: 2.34738 | CU2: 2.34738 | CV2: 2.35545 | CW2: 2.35546 | CX2: 2.35295 | CY2: 2.36316 | CZ2: 2.34797 | DA2: 2.34797 | DB2: 2.25287
A3: 42009 | B3: 0.90966 | C3: 1.00072 | D3: 0.9568 | E3: 0.96171 | F3: 0.99748 | G3: 1.02519 | H3: 0.98308 | I3: 0.95205 | J3: 0.97027 | K3: 1.00383 | L3: 1.0039 | M3: 0.9847 | N3: 1.09589 | O3: 1.10389 | P3: 1.03673 | Q3: 1.05327 | R3: 1.10175 | S3: 1.1564 | T3: 1.18865 | U3: 1.20498 | V3: 1.25825 | W3: 1.32149 | X3: 1.36238 | Y3: 1.3098 | Z3: 1.38042 | AA3: 1.37511 | AB3: 1.42586 | AC3: 1.38373 | AD3: 1.31558 | AE3: 1.46859 | AF3: 1.49935 | AG3: 1.568 | AH3: 1.54976 | AI3: 1.57112 | AJ3: 1.40588 | AK3: 1.63129 | AL3: 1.68126 | AM3: 1.54399 | AN3: 1.74112 | AO3: 1.77822 | AP3: 1.60546 | AQ3: 1.83002 | AR3: 1.87181 | AS3: 1.90444 | AT3: 1.91795 | AU3: 1.83638 | AV3: 2.19166 | AW3: 2.20079 | AX3: 2.23061 | AY3: 2.25212 | AZ3: 2.27548 | BA3: 2.3072 | BB3: 2.3288 | BC3: 2.34394 | BD3: 2.22852 | BE3: 2.38059 | BF3: 2.37061 | BG3: 2.36078 | BH3: 2.35564 | BI3: 2.35565 | BJ3: 2.35282 | BK3: 2.34784 | BL3: 2.34234 | BM3: 2.34335 | BN3: 2.27339 | BO3: 2.33838 | BP3: 2.33839 | BQ3: 2.33005 | BR3: 2.33006 | BS3: 2.33007 | BV3: 2.32677 | BW3: 2.32578 | BX3: 2.32578 | BY3: 2.32346 | BZ3: 2.32347 | CA3: 2.32348 | CB3: 2.32348 | CC3: 2.32349 | CD3: 2.32016 | CE3: 2.32017 | CF3: 2.32017 | CG3: 2.32018 | CH3: 2.31352 | CI3: 2.31353 | CJ3: 2.31353 | CK3: 2.31354 | CL3: 2.31355 | CM3: 2.31355 | CN3: 2.31356 | CO3: 2.31106 | CP3: 2.30357 | CR3: 2.30606 | CS3: 2.29608 | CT3: 2.29609 | CU3: 2.29609 | CV3: 2.31559 | CW3: 2.3156 | CX3: 2.30107 | CY3: 2.29809 | CZ3: 2.29558 | DA3: 2.29558 | DB3: 2.20096
A4: 42010 | B4: 0.90375 | C4: 0.96936 | D4: 0.94822 | E4: 0.96166 | F4: 0.98319 | G4: 1.00845 | H4: 0.95354 | I4: 0.93615 | J4: 0.96694 | K4: 0.98725 | L4: 0.98797 | M4: 0.95978 | N4: 1.07872 | O4: 1.08645 | P4: 1.00981 | Q4: 1.02003 | R4: 1.09487 | S4: 1.13826 | T4: 1.14955 | U4: 1.16931 | V4: 1.23528 | W4: 1.28551 | X4: 1.31747 | Y4: 1.26271 | Z4: 1.3343 | AA4: 1.32752 | AB4: 1.36172 | AC4: 1.33542 | AD4: 1.26591 | AE4: 1.41732 | AF4: 1.44787 | AG4: 1.5002 | AH4: 1.48873 | AI4: 1.51469 | AJ4: 1.35485 | AK4: 1.57802 | AL4: 1.63524 | AM4: 1.48399 | AN4: 1.69411 | AO4: 1.72942 | AP4: 1.55628 | AQ4: 1.78159 | AR4: 1.82147 | AS4: 1.85357 | AT4: 1.86893 | AU4: 1.79433 | AV4: 2.14564 | AW4: 2.1435 | AX4: 2.1877 | AY4: 2.21095 | AZ4: 2.22842 | BA4: 2.25674 | BB4: 2.28248 | BC4: 2.29598 | BD4: 2.18672 | BE4: 2.33688 | BF4: 2.32691 | BG4: 2.31224 | BH4: 2.31197 | BI4: 2.31198 | BJ4: 2.30982 | BK4: 2.30484 | BL4: 2.29931 | BM4: 2.29933 | BN4: 2.23215 | BO4: 2.29436 | BP4: 2.29437 | BQ4: 2.28705 | BR4: 2.28706 | BS4: 2.28706 | BV4: 2.28376 | BW4: 2.28673 | BX4: 2.28674 | BY4: 2.28045 | BZ4: 2.28046 | CA4: 2.28047 | CB4: 2.2791 | CC4: 2.2791 | CD4: 2.27244 | CE4: 2.27245 | CF4: 2.27245 | CG4: 2.27717 | CH4: 2.27102 | CI4: 2.27052 | CJ4: 2.26951 | CK4: 2.26952 | CL4: 2.26952 | CM4: 2.26953 | CN4: 2.26953 | CO4: 2.26855 | CP4: 2.26106 | CR4: 2.26356 | CS4: 2.25357 | CT4: 2.25358 | CU4: 2.25358 | CV4: 2.26107 | CW4: 2.26107 | CX4: 2.25857 | CY4: 2.26753 | CZ4: 2.25402 | DA4: 2.25403 | DB4: 2.15859
A5: 42011 | B5: 0.87964 | C5: 0.97569 | D5: 0.94198 | E5: 0.95335 | F5: 0.97621 | G5: 0.9966 | H5: 0.95423 | I5: 0.94044 | J5: 0.96988 | K5: 0.99236 | L5: 0.99353 | M5: 0.96825 | N5: 1.08279 | O5: 1.0913 | P5: 1.01994 | Q5: 1.03015 | R5: 1.105 | S5: 1.14854 | T5: 1.15497 | U5: 1.17542 | V5: 1.24184 | W5: 1.29222 | X5: 1.32252 | Y5: 1.26982 | Z5: 1.34118 | AA5: 1.3353 | AB5: 1.38297 | AC5: 1.34045 | AD5: 1.27619 | AE5: 1.42488 | AF5: 1.45439 | AG5: 1.50549 | AH5: 1.49401 | AI5: 1.52624 | AJ5: 1.3622 | AK5: 1.58591 | AL5: 1.63585 | AM5: 1.48891 | AN5: 1.69847 | AO5: 1.73427 | AP5: 1.57078 | AQ5: 1.78667 | AR5: 1.82944 | AS5: 1.85776 | AT5: 1.87277 | AU5: 1.7982 | AV5: 2.15157 | AW5: 2.14933 | AX5: 2.1905 | AY5: 2.21116 | AZ5: 2.23569 | BA5: 2.26517 | BB5: 2.29093 | BC5: 2.30624 | BD5: 2.19573 | BE5: 2.33689 | BF5: 2.33294 | BG5: 2.32339 | BH5: 2.32229 | BI5: 2.32231 | BJ5: 2.31298 | BK5: 2.31351 | BL5: 2.31309 | BM5: 2.31643 | BN5: 2.24109 | BO5: 2.30612 | BP5: 2.30613 | BQ5: 2.29709 | BR5: 2.29711 | BS5: 2.29712 | BV5: 2.29383 | BW5: 2.29472 | BX5: 2.29474 | BY5: 2.29054 | BZ5: 2.29055 | CA5: 2.29056 | CB5: 2.28974 | CC5: 2.28975 | CD5: 2.28476 | CE5: 2.28477 | CF5: 2.28478 | CG5: 2.28729 | CH5: 2.27981 | CI5: 2.28065 | CJ5: 2.27983 | CK5: 2.27984 | CL5: 2.27985 | CM5: 2.27985 | CN5: 2.28141 | CO5: 2.27333 | CP5: 2.27084 | CR5: 2.26335 | CS5: 2.26336 | CT5: 2.26337 | CU5: 2.26338 | CV5: 2.28251 | CW5: 2.28252 | CX5: 2.2534 | CY5: 2.26043 | CZ5: 2.26192 | DA5: 2.26192 | DB5: 2.16815
A6: 42012 | B6: 0.86711 | C6: 0.94053 | D6: 0.93983 | E6: 0.95326 | F6: 0.97337 | G6: 1.00518 | H6: 0.95453 | I6: 0.94437 | J6: 0.97426 | K6: 0.99784 | L6: 0.99748 | M6: 0.97614 | N6: 1.0867 | O6: 1.09598 | P6: 1.01317 | Q6: 1.04267 | R6: 1.11826 | S6: 1.16177 | T6: 1.18632 | U6: 1.20221 | V6: 1.26893 | W6: 1.32077 | X6: 1.36192 | Y6: 1.31007 | Z6: 1.38019 | AA6: 1.37573 | AB6: 1.412 | AC6: 1.38308 | AD6: 1.31375 | AE6: 1.46678 | AF6: 1.49671 | AG6: 1.54779 | AH6: 1.53863 | AI6: 1.56521 | AJ6: 1.40405 | AK6: 1.6301 | AL6: 1.69037 | AM6: 1.54125 | AN6: 1.75304 | AO6: 1.79204 | AP6: 1.61462 | AQ6: 1.84835 | AR6: 1.88772 | AS6: 1.91589 | AT6: 1.93138 | AU6: 1.8515 | AV6: 2.21173 | AW6: 2.21053 | AX6: 2.25383 | AY6: 2.27514 | AZ6: 2.29419 | BA6: 2.32029 | BB6: 2.34605 | BC6: 2.3597 | BD6: 2.24129 | BE6: 2.40354 | BF6: 2.39358 | BG6: 2.38381 | BH6: 2.38668 | BI6: 2.3867 | BJ6: 2.38171 | BK6: 2.37674 | BL6: 2.37337 | BM6: 2.3696 | BN6: 2.29813 | BO6: 2.36463 | BP6: 2.36465 | BQ6: 2.35577 | BR6: 2.35578 | BS6: 2.35579 | BV6: 2.3525 | BW6: 2.35152 | BX6: 2.35153 | BY6: 2.34921 | BZ6: 2.34923 | CA6: 2.34924 | CB6: 2.34925 | CC6: 2.34926 | CD6: 2.34594 | CE6: 2.34595 | CF6: 2.34596 | CG6: 2.34597 | CH6: 2.33904 | CI6: 2.33933 | CJ6: 2.3399 | CK6: 2.33991 | CL6: 2.33992 | CM6: 2.33993 | CN6: 2.33994 | CO6: 2.3316 | CP6: 2.32911 | CR6: 2.33161 | CS6: 2.32164 | CT6: 2.32165 | CU6: 2.32165 | CV6: 2.342 | CW6: 2.32914 | CX6: 2.32663 | CY6: 2.31169 | CZ6: 2.32115 | DA6: 2.32116 | DB6: 2.22683
A7: 42013 | B7: 0.86655 | C7: 0.93518 | D7: 0.93312 | E7: 0.95317 | F7: 0.97311 | G7: 0.99936 | H7: 1.02572 | I7: 0.92853 | J7: 0.95752 | K7: 0.9801 | L7: 0.9816 | M7: 0.9483 | N7: 1.07092 | O7: 1.0808 | P7: 0.9828 | Q7: 1.01234 | R7: 1.08797 | S7: 1.13109 | T7: 1.14555 | U7: 1.16096 | V7: 1.23016 | W7: 1.27393 | X7: 1.3181 | Y7: 1.26569 | Z7: 1.33674 | AA7: 1.33069 | AB7: 1.36706 | AC7: 1.3378 | AD7: 1.26939 | AE7: 1.42187 | AF7: 1.45218 | AG7: 1.50327 | AH7: 1.49412 | AI7: 1.51867 | AJ7: 1.35907 | AK7: 1.58303 | AL7: 1.64583 | AM7: 1.49825 | AN7: 1.70781 | AO7: 1.7483 | AP7: 1.57568 | AQ7: 1.80051 | AR7: 1.84239 | AS7: 1.87266 | AT7: 1.88586 | AU7: 1.80737 | AV7: 2.16988 | AW7: 2.16825 | AX7: 2.21197 | AY7: 2.23292 | AZ7: 2.25179 | BA7: 2.27628 | BB7: 2.30204 | BC7: 2.31708 | BD7: 2.20096 | BE7: 2.35866 | BF7: 2.3487 | BG7: 2.34338 | BH7: 2.34302 | BI7: 2.34304 | BJ7: 2.34277 | BK7: 2.33613 | BL7: 2.32948 | BM7: 2.32049 | BN7: 2.25587 | BO7: 2.3203 | BP7: 2.32032 | BQ7: 2.31188 | BR7: 2.3119 | BS7: 2.31191 | BV7: 2.30862 | BW7: 2.30763 | BX7: 2.30765 | BY7: 2.30533 | BZ7: 2.30534 | CA7: 2.30535 | CB7: 2.30536 | CC7: 2.30538 | CD7: 2.30205 | CE7: 2.30206 | CF7: 2.30207 | CG7: 2.30208 | CH7: 2.29538 | CI7: 2.29544 | CJ7: 2.29556 | CK7: 2.29557 | CL7: 2.29558 | CM7: 2.29559 | CN7: 2.2956 | CO7: 2.28794 | CP7: 2.28545 | CR7: 2.28795 | CS7: 2.27798 | CT7: 2.27798 | CU7: 2.27799 | CV7: 2.29766 | CW7: 2.29766 | CX7: 2.28297 | CY7: 2.28 | CZ7: 2.27749 | DA7: 2.2775 | DB7: 2.18294
A8: 42016 | B8: 0.90554 | C8: 0.97282 | D8: 0.95367 | E8: 0.96529 | F8: 0.9818 | G8: 1.0085 | H8: 0.96233 | I8: 0.92513 | J8: 0.95218 | K8: 0.97707 | L8: 0.97698 | M8: 0.93201 | N8: 1.06246 | O8: 1.07295 | P8: 0.95454 | Q8: 0.98369 | R8: 1.05873 | S8: 1.10206 | T8: 1.10873 | U8: 1.12583 | V8: 1.1939 | W8: 1.24395 | X8: 1.27737 | Y8: 1.22369 | Z8: 1.29466 | AA8: 1.28943 | AB8: 1.32402 | AC8: 1.2959 | AD8: 1.23099 | AE8: 1.37994 | AF8: 1.41044 | AG8: 1.46179 | AH8: 1.45287 | AI8: 1.47709 | AJ8: 1.32912 | AK8: 1.5413 | AL8: 1.5977 | AM8: 1.44832 | AN8: 1.65755 | AO8: 1.69848 | AP8: 1.5221 | AQ8: 1.75493 | AR8: 1.79589 | AS8: 1.82386 | AT8: 1.83606 | AU8: 1.75677 | AV8: 2.12103 | AW8: 2.11887 | AX8: 2.15987 | AY8: 2.1802 | AZ8: 2.20239 | BA8: 2.22689 | BB8: 2.25263 | BC8: 2.26569 | BD8: 2.15072 | BE8: 2.30789 | BF8: 2.29792 | BG8: 2.29322 | BH8: 2.29229 | BI8: 2.2923 | BJ8: 2.28731 | BK8: 2.28232 | BL8: 2.27583 | BM8: 2.27524 | BN8: 2.20532 | BO8: 2.27026 | BP8: 2.27027 | BQ8: 2.26198 | BR8: 2.26199 | BS8: 2.262 | BV8: 2.25869 | BW8: 2.2577 | BX8: 2.25771 | BY8: 2.25539 | BZ8: 2.25539 | CA8: 2.2554 | CB8: 2.25541 | CC8: 2.25541 | CD8: 2.25208 | CE8: 2.25209 | CF8: 2.25209 | CG8: 2.2521 | CH8: 2.245 | CI8: 2.24545 | CJ8: 2.24595 | CK8: 2.24596 | CL8: 2.24596 | CM8: 2.24597 | CN8: 2.24543 | CO8: 2.24253 | CP8: 2.23599 | CR8: 2.2285 | CS8: 2.2285 | CT8: 2.2285 | CU8: 2.22851 | CV8: 2.24652 | CW8: 2.24653 | CX8: 2.23254 | CY8: 2.22518 | CZ8: 2.22705 | DA8: 2.22706 | DB8: 2.13289
A9: 42017 | B9: 0.90396 | C9: 0.9716 | D9: 0.95433 | E9: 0.96523 | F9: 0.98474 | G9: 0.99995 | H9: 0.94597 | I9: 0.92313 | J9: 0.95162 | K9: 0.97152 | L9: 0.97498 | M9: 0.92819 | N9: 1.06476 | O9: 1.05373 | P9: 0.95657 | Q9: 0.97858 | R9: 1.05414 | S9: 1.08195 | T9: 1.10042 | U9: 1.12017 | V9: 1.18589 | W9: 1.23648 | X9: 1.25837 | Y9: 1.20434 | Z9: 1.27607 | AA9: 1.26955 | AB9: 1.30511 | AC9: 1.27683 | AD9: 1.21083 | AE9: 1.36103 | AF9: 1.39167 | AG9: 1.44345 | AH9: 1.43542 | AI9: 1.45761 | AJ9: 1.29714 | AK9: 1.52138 | AL9: 1.58453 | AM9: 1.43495 | AN9: 1.64438 | AO9: 1.68632 | AP9: 1.51785 | AQ9: 1.73886 | AR9: 1.78411 | AS9: 1.81362 | AT9: 1.82269 | AU9: 1.74196 | AV9: 2.10941 | AW9: 2.10837 | AX9: 2.14928 | AY9: 2.16808 | AZ9: 2.1875 | BA9: 2.21898 | BB9: 2.24227 | BC9: 2.25909 | BD9: 2.14308 | BE9: 2.29305 | BF9: 2.28799 | BG9: 2.27843 | BH9: 2.27698 | BI9: 2.28061 | BJ9: 2.27562 | BK9: 2.27063 | BL9: 2.26839 | BM9: 2.26385 | BN9: 2.19306 | BO9: 2.25887 | BP9: 2.25888 | BQ9: 2.25039 | BR9: 2.2504 | BS9: 2.25041 | BV9: 2.2471 | BW9: 2.24883 | BX9: 2.24884 | BY9: 2.2438 | BZ9: 2.2438 | CA9: 2.24381 | CB9: 2.24377 | CC9: 2.24377 | CD9: 2.23888 | CE9: 2.23889 | CF9: 2.23889 | CG9: 2.24051 | CH9: 2.23331 | CI9: 2.23386 | CJ9: 2.23332 | CK9: 2.23332 | CL9: 2.23333 | CM9: 2.23333 | CN9: 2.23405 | CO9: 2.22679 | CP9: 2.22429 | CR9: 2.2168 | CS9: 2.21681 | CT9: 2.21681 | CU9: 2.21681 | CV9: 2.22335 | CW9: 2.22336 | CX9: 2.22085 | CY9: 2.21896 | CZ9: 2.21635 | DA9: 2.21636 | DB9: 2.12196
A10: 42018 | B10: 0.88203 | C10: 0.9674 | D10: 0.93696 | E10: 0.95663 | F10: 0.97407 | G10: 0.98741 | H10: 0.9184 | I10: 0.89975 | J10: 0.93161 | K10: 0.94765 | L10: 0.95278 | M10: 0.90155 | N10: 1.04546 | O10: 1.03075 | P10: 0.91545 | Q10: 0.94779 | R10: 1.01884 | S10: 1.0476 | T10: 1.06772 | U10: 1.08948 | V10: 1.15657 | W10: 1.20731 | X10: 1.24514 | Y10: 1.16722 | Z10: 1.24063 | AA10: 1.23021 | AB10: 1.26707 | AC10: 1.234 | AD10: 1.17362 | AE10: 1.31602 | AF10: 1.34432 | AG10: 1.41327 | AH10: 1.39512 | AI10: 1.41676 | AJ10: 1.25452 | AK10: 1.48062 | AL10: 1.54947 | AM10: 1.39799 | AN10: 1.60935 | AO10: 1.65096 | AP10: 1.48029 | AQ10: 1.70715 | AR10: 1.74705 | AS10: 1.7766 | AT10: 1.77978 | AU10: 1.69643 | AV10: 2.07868 | AW10: 2.08224 | AX10: 2.11469 | AY10: 2.13622 | AZ10: 2.15722 | BA10: 2.18672 | BB10: 2.21109 | BC10: 2.22304 | BD10: 2.10607 | BE10: 2.25862 | BF10: 2.25353 | BG10: 2.24354 | BH10: 2.24619 | BI10: 2.24621 | BJ10: 2.24122 | BK10: 2.23625 | BL10: 2.23397 | BM10: 2.22407 | BN10: 2.15878 | BO10: 2.22414 | BP10: 2.22416 | BQ10: 2.21612 | BR10: 2.21614 | BS10: 2.21615 | BV10: 2.21286 | BW10: 2.21454 | BX10: 2.21455 | BY10: 2.20957 | BZ10: 2.20958 | CA10: 2.20959 | CB10: 2.20989 | CC10: 2.2099 | CD10: 2.20462 | CE10: 2.20463 | CF10: 2.20464 | CG10: 2.20631 | CH10: 2.19953 | CI10: 2.19967 | CJ10: 2.20011 | CK10: 2.20012 | CL10: 2.20013 | CM10: 2.20013 | CN10: 2.19943 | CO10: 2.19709 | CP10: 2.19016 | CR10: 2.1921 | CS10: 2.18268 | CT10: 2.18269 | CU10: 2.1827 | CV10: 2.18962 | CW10: 2.18963 | CX10: 2.18712 | CY10: 2.18969 | CZ10: 2.18257 | DA10: 2.18257 | DB10: 2.08779
A11: 42019 | B11: 0.84704 | C11: 0.90747 | D11: 0.90214 | E11: 0.95654 | F11: 0.94818 | G11: 0.95399 | H11: 0.99899 | I11: 0.85231 | J11: 0.88812 | K11: 0.89688 | L11: 0.90518 | M11: 0.84206 | N11: 0.96444 | O11: 0.97841 | P11: 0.84634 | Q11: 0.87271 | R11: 0.94762 | S11: 0.99316 | T11: 0.98055 | U11: 1.0131 | V11: 1.07809 | W11: 1.11631 | X11: 1.1236 | Y11: 1.09964 | Z11: 1.15557 | AA11: 1.14204 | AB11: 1.20112 | AC11: 1.16907 | AD11: 1.07678 | AE11: 1.24644 | AF11: 1.25807 | AG11: 1.36211 | AH11: 1.30784 | AI11: 1.34018 | AJ11: 1.1579 | AK11: 1.39826 | AL11: 1.47774 | AM11: 1.3003 | AN11: 1.53368 | AO11: 1.57275 | AP11: 1.396 | AQ11: 1.62083 | AR11: 1.65831 | AS11: 1.69039 | AT11: 1.68515 | AU11: 1.62009 | AV11: 1.98301 | AW11: 1.95856 | AX11: 2.02809 | AY11: 2.05156 | AZ11: 2.0732 | BA11: 2.10635 | BB11: 2.13917 | BC11: 2.14812 | BD11: 2.02891 | BE11: 2.18926 | BF11: 2.1793 | BG11: 2.16889 | BH11: 2.17221 | BI11: 2.17223 | BJ11: 2.16725 | BK11: 2.16227 | BL11: 2.15974 | BM11: 2.14911 | BN11: 2.08416 | BO11: 2.14868 | BP11: 2.1487 | BQ11: 2.14083 | BR11: 2.14084 | BS11: 2.14085 | BV11: 2.13756 | BW11: 2.14155 | BX11: 2.14156 | BY11: 2.13427 | BZ11: 2.13428 | CA11: 2.13429 | CB11: 2.13494 | CC11: 2.13495 | CD11: 2.12754 | CE11: 2.12755 | CF11: 2.12756 | CG11: 2.13101 | CH11: 2.12505 | CI11: 2.12437 | CJ11: 2.12506 | CK11: 2.12507 | CL11: 2.12508 | CM11: 2.12509 | CN11: 2.12396 | CO11: 2.1226 | CP11: 2.1142 | CR11: 2.11762 | CS11: 2.10672 | CT11: 2.11763 | CU11: 2.11764 | CV11: 2.11513 | CW11: 2.11514 | CX11: 2.11263 | CY11: 2.1225 | CZ11: 2.1077 | DA11: 2.1077 | DB11: 2.01223
A12: 42020 | B12: 0.85024 | C12: 0.92197 | D12: 0.926 | E12: 0.95644 | F12: 0.96043 | G12: 0.97832 | H12: 1.04739 | I12: 0.89377 | J12: 0.91642 | K12: 0.94296 | L12: 0.9468 | M12: 0.89281 | N12: 1.02905 | O12: 1.03791 | P12: 0.89266 | Q12: 0.92387 | R12: 1.00492 | S12: 1.04056 | T12: 1.04209 | U12: 1.05091 | V12: 1.12743 | W12: 1.15287 | X12: 1.21026 | Y12: 1.13578 | Z12: 1.19817 | AA12: 1.19892 | AB12: 1.22634 | AC12: 1.2092 | AD12: 1.14644 | AE12: 1.27417 | AF12: 1.3036 | AG12: 1.37523 | AH12: 1.37231 | AI12: 1.38794 | AJ12: 1.22847 | AK12: 1.43989 | AL12: 1.50695 | AM12: 1.36339 | AN12: 1.57122 | AO12: 1.61369 | AP12: 1.43545 | AQ12: 1.66589 | AR12: 1.70368 | AS12: 1.73885 | AT12: 1.72031 | AU12: 1.66795 | AV12: 2.03253 | AW12: 2.01455 | AX12: 2.07719 | AY12: 2.10858 | AZ12: 2.12518 | BA12: 2.1522 | BB12: 2.17455 | BC12: 2.18692 | BD12: 2.06896 | BE12: 2.22433 | BF12: 2.22038 | BG12: 2.21073 | BH12: 2.20884 | BI12: 2.21242 | BJ12: 2.20743 | BK12: 2.20246 | BL12: 2.20083 | BM12: 2.19589 | BN12: 2.12531 | BO12: 2.19092 | BP12: 2.19094 | BQ12: 2.18265 | BR12: 2.18266 | BS12: 2.18268 | BV12: 2.17938 | BW12: 2.17939 | BX12: 2.1794 | BY12: 2.17609 | BZ12: 2.1761 | CA12: 2.17611 | CB12: 2.1766 | CC12: 2.17661 | CD12: 2.17367 | CE12: 2.17368 | CF12: 2.17369 | CG12: 2.17283 | CH12: 2.16574 | CI12: 2.16619 | CJ12: 2.16668 | CK12: 2.16669 | CL12: 2.1667 | CM12: 2.16671 | CN12: 2.1662 | CO12: 2.1633 | CP12: 2.15674 | CR12: 2.14925 | CS12: 2.14926 | CT12: 2.14927 | CU12: 2.14927 | CV12: 2.16813 | CW12: 2.15584 | CX12: 2.15333 | CY12: 2.15115 | CZ12: 2.14864 | DA12: 2.14864 | DB12: 2.05655
A13: 42023 | B13: 0.89346 | C13: 0.9546 | D13: 0.93067 | E13: 0.96588 | F13: 0.97017 | G13: 0.98215 | H13: 0.98352 | I13: 0.89523 | J13: 0.92251 | K13: 0.93656 | L13: 0.94707 | M13: 0.88535 | N13: 1.03552 | O13: 1.02012 | P13: 0.89854 | Q13: 0.92054 | R13: 1.02095 | S13: 1.03259 | T13: 1.02575 | U13: 1.04418 | V13: 1.1111 | W13: 1.16167 | X13: 1.17698 | Y13: 1.12365 | Z13: 1.19389 | AA13: 1.19023 | AB13: 1.24083 | AC13: 1.19986 | AD13: 1.13405 | AE13: 1.28298 | AF13: 1.31385 | AG13: 1.35714 | AH13: 1.3454 | AI13: 1.3779 | AJ13: 1.23736 | AK13: 1.43707 | AL13: 1.49338 | AM13: 1.33972 | AN13: 1.55322 | AO13: 1.59506 | AP13: 1.42281 | AQ13: 1.64743 | AR13: 1.68853 | AS13: 1.71812 | AT13: 1.73209 | AU13: 1.6554 | AV13: 2.02638 | AW13: 2.02235 | AX13: 2.06219 | AY13: 2.08633 | AZ13: 2.10265 | BA13: 2.1297 | BB13: 2.15544 | BC13: 2.17035 | BD13: 2.0479 | BE13: 2.20603 | BF13: 2.20095 | BG13: 2.19143 | BH13: 2.19034 | BI13: 2.19408 | BJ13: 2.18909 | BK13: 2.18411 | BL13: 2.18135 | BM13: 2.17738 | BN13: 2.10675 | BO13: 2.1724 | BP13: 2.17241 | BQ13: 2.16409 | BR13: 2.16409 | BS13: 2.1641 | BV13: 2.1608 | BW13: 2.16208 | BX13: 2.16209 | BY13: 2.15749 | BZ13: 2.1575 | CA13: 2.1575 | CB13: 2.15724 | CC13: 2.15724 | CD13: 2.15213 | CE13: 2.15213 | CF13: 2.15214 | CG13: 2.1542 | CH13: 2.14727 | CI13: 2.14755 | CJ13: 2.14784 | CK13: 2.14784 | CL13: 2.14785 | CM13: 2.14785 | CN13: 2.14757 | CO13: 2.14481 | CP13: 2.13787 | CR13: 2.13038 | CS13: 2.13038 | CT13: 2.13038 | CU13: 2.13039 | CV13: 2.14855 | CW13: 2.14856 | CX13: 2.14856 | CY13: 2.13133 | CZ13: 2.12883 | DA13: 2.12883 | DB13: 2.03698
... A41: 42062 | B41: 0.29449 | C41: 0.48069 | D41: 0.57015 | E41: 0.59736 | F41: 0.59478 | G41: 0.61229 | H41: 0.50376 | I41: 0.49805 | J41: 0.53885 | K41: 0.54552 | L41: 0.54991 | M41: 0.47929 | N41: 0.65386 | O41: 0.62252 | P41: 0.52414 | Q41: 0.53431 | R41: 0.58315 | S41: 0.64672 | T41: 0.60614 | U41: 0.59616 | V41: 0.66822 | W41: 0.71032 | X41: 0.7373 | Y41: 0.68465 | Z41: 0.7556 | AA41: 0.75562 | AB41: 0.8284 | AC41: 0.8008 | AD41: 0.74208 | AE41: 0.88748 | AF41: 0.92366 | AG41: 0.98204 | AH41: 0.94119 | AI41: 0.96892 | AJ41: 0.82141 | AK41: 1.05497 | AL41: 1.134 | AM41: 0.95335 | AN41: 1.17831 | AO41: 1.25333 | AP41: 1.08391 | AQ41: 1.30503 | AR41: 1.3602 | AS41: 1.39064 | AT41: 1.3896 | AU41: 1.32791 | AV41: 1.78286 | AW41: 1.79879 | AX41: 1.83031 | AY41: 1.84226 | AZ41: 1.85846 | BA41: 1.93018 | BB41: 1.9611 | BC41: 1.9991 | BD41: 1.89222 | BE41: 2.05596 | BF41: 2.05098 | BG41: 2.05042 | BH41: 2.04102 | BI41: 2.04104 | BJ41: 2.03605 | BK41: 2.03108 | BL41: 2.03083 | BM41: 2.00524 | BN41: 1.98322 | BO41: 2.0112 | BP41: 2.01122 | BQ41: 1.99878 | BR41: 1.99879 | BS41: 1.9988 | BV41: 2.00971 | BW41: 2.0133 | BX41: 2.0013 | BY41: 1.998 | BZ41: 1.99801 | CA41: 1.99802 | CB41: 1.99803 | CC41: 1.99804 | CD41: 1.99472 | CE41: 1.99473 | CF41: 1.99474 | CG41: 1.99395 | CH41: 1.99385 | CI41: 1.98618 | CJ41: 1.98397 | CK41: 1.98398 | CL41: 1.98399 | CM41: 1.984 | CN41: 1.9815 | CO41: 1.97651 | CP41: 1.98147 | CR41: 1.98237 | CS41: 1.98051 | CT41: 1.98051 | CU41: 1.98052 | CV41: 1.97304 | CW41: 1.97305 | CX41: 1.97054 | CY41: 1.96557 | CZ41: 1.96307 | DA41: 1.96307 | DB41: 1.876
A42: 42065 | C42: 0.55281 | D42: 0.57501 | E42: 0.60385 | F42: 0.60188 | G42: 0.61105 | H42: 0.52932 | I42: 0.52587 | J42: 0.55081 | K42: 0.56274 | L42: 0.5778 | M42: 0.5062 | N42: 0.66003 | O42: 0.63233 | P42: 0.54134 | Q42: 0.56498 | R42: 0.62979 | S42: 0.6705 | T42: 0.6297 | U42: 0.61947 | V42: 0.6933 | W42: 0.72734 | X42: 0.79797 | Y42: 0.7454 | Z42: 0.81589 | AA42: 0.81158 | AB42: 0.88869 | AC42: 0.89415 | AD42: 0.80328 | AE42: 0.94695 | AF42: 0.98935 | AG42: 1.04388 | AH42: 1.04105 | AI42: 1.03744 | AJ42: 0.89989 | AK42: 1.11182 | AL42: 1.21331 | AM42: 1.03311 | AN42: 1.26276 | AO42: 1.33962 | AP42: 1.16943 | AQ42: 1.39132 | AR42: 1.4444 | AS42: 1.47701 | AT42: 1.47466 | AU42: 1.40843 | AV42: 1.86137 | AW42: 1.87825 | AX42: 1.90541 | AY42: 1.92099 | AZ42: 1.93794 | BA42: 2.0105 | BB42: 2.03991 | BC42: 2.06645 | BD42: 1.96872 | BE42: 2.12157 | BF42: 2.11658 | BG42: 2.11656 | BH42: 2.10661 | BI42: 2.10662 | BJ42: 2.10162 | BK42: 2.09664 | BL42: 2.09164 | BM42: 2.07257 | BN42: 2.04935 | BO42: 2.07667 | BP42: 2.07668 | BQ42: 2.06559 | BR42: 2.0656 | BS42: 2.06561 | BV42: 2.07472 | BW42: 2.07473 | BX42: 2.06673 | BY42: 2.06342 | BZ42: 2.06343 | CA42: 2.06343 | CB42: 2.06344 | CC42: 2.06344 | CD42: 2.06012 | CE42: 2.06013 | CF42: 2.06013 | CG42: 2.06014 | CH42: 2.05919 | CI42: 2.05304 | CJ42: 2.05071 | CK42: 2.05072 | CL42: 2.05072 | CM42: 2.05073 | CN42: 2.04823 | CO42: 2.04324 | CP42: 2.04683 | CR42: 2.04732 | CS42: 2.05113 | CT42: 2.05113 | CU42: 2.05114 | CV42: 2.03969 | CW42: 2.03969 | CX42: 2.03718 | CY42: 2.02328 | CZ42: 2.02971 | DA42: 2.02971 | DB42: 1.93903
A43: 42066 | C43: 0.57749 | D43: 0.57672 | E43: 0.6038 | F43: 0.60701 | G43: 0.6157 | H43: 0.53384 | I43: 0.60819 | J43: 0.55236 | K43: 0.57262 | L43: 0.58178 | M43: 0.50697 | N43: 0.64584 | O43: 0.6316 | P43: 0.53509 | Q43: 0.56688 | R43: 0.60862 | S43: 0.67077 | T43: 0.6155 | U43: 0.60502 | V43: 0.6823 | W43: 0.72118 | X43: 0.83229 | Y43: 0.76385 | Z43: 0.83252 | AA43: 0.8326 | AB43: 0.92775 | AC43: 0.90381 | AD43: 0.82841 | AE43: 0.97579 | AF43: 1.0164 | AG43: 1.05997 | AH43: 1.06836 | AI43: 1.06981 | AJ43: 0.94343 | AK43: 1.14176 | AL43: 1.25971 | AM43: 1.07916 | AN43: 1.30709 | AO43: 1.38868 | AP43: 1.21948 | AQ43: 1.44038 | AR43: 1.48672 | AS43: 1.5263 | AT43: 1.52054 | AU43: 1.45268 | AV43: 1.90704 | AW43: 1.92336 | AX43: 1.95437 | AY43: 1.96606 | AZ43: 1.98299 | BA43: 2.0524 | BB43: 2.09134 | BC43: 2.11081 | BD43: 2.02204 | BE43: 2.17188 | BF43: 2.16689 | BG43: 2.16715 | BH43: 2.15592 | BI43: 2.15593 | BJ43: 2.16509 | BK43: 2.15086 | BL43: 2.1442 | BM43: 2.12986 | BN43: 2.09757 | BO43: 2.12489 | BP43: 2.1249 | BQ43: 2.12849 | BR43: 2.1285 | BS43: 2.12851 | BV43: 2.12354 | BW43: 2.12596 | BX43: 2.1189 | BY43: 2.11164 | BZ43: 2.11165 | CA43: 2.11165 | CB43: 2.11395 | CC43: 2.11395 | CD43: 2.10835 | CE43: 2.10835 | CF43: 2.10836 | CG43: 2.10836 | CH43: 2.10613 | CI43: 2.09877 | CJ43: 2.10171 | CK43: 2.10171 | CL43: 2.10172 | CM43: 2.10172 | CN43: 2.10379 | CO43: 2.10114 | CP43: 2.09345 | CR43: 2.09373 | CS43: 2.08027 | CT43: 2.08027 | CU43: 2.08028 | CV43: 2.08128 | CW43: 2.08128 | CX43: 2.07878 | CY43: 2.07379 | CZ43: 2.07129 | DA43: 2.0713 | DB43: 1.98914
A44: 42067 | C44: 0.55336 | D44: 0.62619 | E44: 0.64552 | F44: 0.68515 | G44: 0.66214 | H44: 0.61988 | I44: 0.67451 | J44: 0.64513 | K44: 0.66747 | L44: 0.69159 | M44: 0.62062 | N44: 0.74231 | O44: 0.73619 | P44: 0.6546 | Q44: 0.67944 | R44: 0.7432 | S44: 0.78315 | T44: 0.72082 | U44: 0.70674 | V44: 0.78333 | W44: 0.81272 | X44: 0.93371 | Y44: 0.86199 | Z44: 0.93558 | AA44: 0.93458 | AB44: 1.0287 | AC44: 0.99024 | AD44: 0.92995 | AE44: 1.07517 | AF44: 1.10696 | AG44: 1.15602 | AH44: 1.14577 | AI44: 1.1609 | AJ44: 1.04121 | AK44: 1.23524 | AL44: 1.34214 | AM44: 1.15985 | AN44: 1.39187 | AO44: 1.47643 | AP44: 1.30617 | AQ44: 1.52274 | AR44: 1.56898 | AS44: 1.60378 | AT44: 1.59934 | AU44: 1.53095 | AV44: 1.98332 | AW44: 1.99884 | AX44: 2.03095 | AY44: 2.04175 | AZ44: 2.06275 | BA44: 2.12086 | BB44: 2.15561 | BC44: 2.18031 | BD44: 2.09442 | BE44: 2.23642 | BF44: 2.23144 | BG44: 2.23104 | BH44: 2.22149 | BI44: 2.22151 | BJ44: 2.23067 | BK44: 2.21155 | BL44: 2.2098 | BM44: 2.20156 | BN44: 2.16215 | BO44: 2.18926 | BP44: 2.18927 | BQ44: 2.21077 | BR44: 2.21079 | BS44: 2.2108 | BV44: 2.18919 | BW44: 2.19161 | BX44: 2.18363 | BY44: 2.17606 | BZ44: 2.17608 | CA44: 2.17609 | CB44: 2.18167 | CC44: 2.18168 | CD44: 2.17503 | CE44: 2.17504 | CF44: 2.17505 | CG44: 2.17154 | CH44: 2.1682 | CI44: 2.16323 | CJ44: 2.16618 | CK44: 2.16158 | CL44: 2.16159 | CM44: 2.16937 | CN44: 2.16454 | CO44: 2.16688 | CP44: 2.15794 | CR44: 2.15946 | CS44: 2.14414 | CT44: 2.14415 | CU44: 2.14416 | CV44: 2.14702 | CW44: 2.14702 | CX44: 2.14453 | CY44: 2.13954 | CZ44: 2.13705 | DA44: 2.13705 | DB44: 2.05367
A45: 42068 | C45: 0.46842 | D45: 0.61746 | E45: 0.64542 | F45: 0.65136 | G45: 0.67426 | H45: 0.62076 | I45: 0.68435 | J45: 0.65644 | K45: 0.6786 | L45: 0.70346 | M45: 0.63242 | N45: 0.75337 | O45: 0.74686 | P45: 0.6686 | Q45: 0.69212 | R45: 0.7565 | S45: 0.79692 | T45: 0.7411 | U45: 0.72777 | V45: 0.80335 | W45: 0.84185 | X45: 0.95418 | Y45: 0.88048 | Z45: 0.95397 | AA45: 0.95299 | AB45: 1.02862 | AC45: 1.02123 | AD45: 0.94497 | AE45: 1.09158 | AF45: 1.11691 | AG45: 1.17707 | AH45: 1.1671 | AI45: 1.18231 | AJ45: 1.06222 | AK45: 1.25644 | AL45: 1.37086 | AM45: 1.19716 | AN45: 1.421 | AO45: 1.50038 | AP45: 1.33644 | AQ45: 1.54668 | AR45: 1.5875 | AS45: 1.62165 | AT45: 1.6155 | AU45: 1.54573 | AV45: 2.00802 | AW45: 2.02464 | AX45: 2.05234 | AY45: 2.06762 | AZ45: 2.08342 | BA45: 2.1477 | BB45: 2.19242 | BC45: 2.21076 | BD45: 2.11604 | BE45: 2.26248 | BF45: 2.2575 | BG45: 2.25736 | BH45: 2.24234 | BI45: 2.24657 | BJ45: 2.25666 | BK45: 2.23661 | BL45: 2.23579 | BM45: 2.22209 | BN45: 2.19071 | BO45: 2.21712 | BP45: 2.21714 | BQ45: 2.21381 | BR45: 2.21383 | BS45: 2.21384 | BV45: 2.21055 | BW45: 2.21426 | BX45: 2.21129 | BY45: 2.20393 | BZ45: 2.20394 | CA45: 2.20395 | CB45: 2.20635 | CC45: 2.20636 | CD45: 2.20065 | CE45: 2.20066 | CF45: 2.20067 | CG45: 2.19939 | CH45: 2.19698 | CI45: 2.19386 | CJ45: 2.19129 | CK45: 2.19129 | CL45: 2.1913 | CM45: 2.19407 | CN45: 2.19647 | CO45: 2.18908 | CP45: 2.19447 | CR45: 2.18692 | CS45: 2.1794 | CT45: 2.17941 | CU45: 2.17941 | CV45: 2.16639 | CW45: 2.16639 | CX45: 2.1639 | CY45: 2.16391 | CZ45: 2.16497 | DA45: 2.16498 | DB45: 2.08087
A46: 42069 | C46: 0.43822 | D46: 0.60936 | E46: 0.65503 | F46: 0.64952 | G46: 0.67746 | H46: 0.61276 | I46: 0.68925 | J46: 0.6603 | K46: 0.68252 | L46: 0.69057 | M46: 0.62865 | N46: 0.76774 | O46: 0.7589 | P46: 0.67874 | Q46: 0.68529 | R46: 0.73843 | S46: 0.80436 | T46: 0.75013 | U46: 0.73668 | V46: 0.81005 | W46: 0.85002 | X46: 0.98884 | Y46: 0.92229 | Z46: 0.99657 | AA46: 0.9943 | AB46: 1.07742 | AC46: 1.07173 | AD46: 0.99856 | AE46: 1.14155 | AF46: 1.17448 | AG46: 1.23132 | AH46: 1.22955 | AI46: 1.23883 | AJ46: 1.11731 | AK46: 1.31228 | AL46: 1.43369 | AM46: 1.25151 | AN46: 1.48895 | AO46: 1.5825 | AP46: 1.41688 | AQ46: 1.62881 | AR46: 1.67234 | AS46: 1.70587 | AT46: 1.70258 | AU46: 1.63982 | AV46: 2.0987 | AW46: 2.11519 | AX46: 2.14621 | AY46: 2.16401 | AZ46: 2.17901 | BA46: 2.23559 | BB46: 2.27045 | BC46: 2.30735 | BD46: 2.21831 | BE46: 2.36305 | BF46: 2.35807 | BG46: 2.35785 | BH46: 2.34284 | BI46: 2.34714 | BJ46: 2.35792 | BK46: 2.33718 | BL46: 2.33628 | BM46: 2.32259 | BN46: 2.29358 | BO46: 2.31762 | BP46: 2.31764 | BQ46: 2.31431 | BR46: 2.31433 | BS46: 2.31434 | BV46: 2.31105 | BW46: 2.31809 | BX46: 2.31659 | BY46: 2.30443 | BZ46: 2.30445 | CA46: 2.30446 | CB46: 2.30764 | CC46: 2.30765 | CD46: 2.30334 | CE46: 2.30336 | CF46: 2.30337 | CG46: 2.29997 | CH46: 2.30005 | CI46: 2.29422 | CJ46: 2.29096 | CK46: 2.29097 | CL46: 2.29098 | CM46: 2.29099 | CN46: 2.29776 | CO46: 2.28351 | CP46: 2.29545 | CR46: 2.27353 | CS46: 2.27354 | CT46: 2.27355 | CU46: 2.27356 | CV46: 2.26606 | CW46: 2.26607 | CX46: 2.26358 | CY46: 2.26359 | CZ46: 2.25609 | DA46: 2.2561
A47: 42072 | C47: 0.51898 | D47: 0.6079 | E47: 0.66734 | F47: 0.66082 | G47: 0.67487 | H47: 0.60098 | I47: 0.69806 | J47: 0.64494 | K47: 0.6557 | L47: 0.67323 | M47: 0.6096 | N47: 0.73976 | O47: 0.71032 | P47: 0.65756 | Q47: 0.67137 | R47: 0.74208 | S47: 0.77629 | T47: 0.74722 | U47: 0.7124 | V47: 0.78589 | W47: 0.82501 | X47: 0.95837 | Y47: 0.88949 | Z47: 0.96253 | AA47: 0.96158 | AB47: 1.05965 | AC47: 1.03704 | AD47: 0.96338 | AE47: 1.1064 | AF47: 1.1408 | AG47: 1.19759 | AH47: 1.19339 | AI47: 1.19921 | AJ47: 1.08062 | AK47: 1.27677 | AL47: 1.40193 | AM47: 1.21625 | AN47: 1.45697 | AO47: 1.55699 | AP47: 1.38358 | AQ47: 1.60103 | AR47: 1.64595 | AS47: 1.67769 | AT47: 1.67177 | AU47: 1.60991 | AV47: 2.08414 | AW47: 2.10167 | AX47: 2.12905 | AY47: 2.14178 | AZ47: 2.15841 | BA47: 2.21752 | BB47: 2.2564 | BC47: 2.29213 | BD47: 2.20375 | BE47: 2.35084 | BF47: 2.34585 | BG47: 2.34739 | BH47: 2.33488 | BI47: 2.33489 | BJ47: 2.3299 | BK47: 2.32492 | BL47: 2.31993 | BM47: 2.29995 | BN47: 2.281 | BO47: 2.29596 | BP47: 2.29597 | BQ47: 2.29098 | BR47: 2.29098 | BS47: 2.29099 | BV47: 2.30101 | BW47: 2.30101 | BX47: 2.29287 | BY47: 2.28956 | BZ47: 2.28956 | CA47: 2.28957 | CB47: 2.28958 | CC47: 2.28958 | CD47: 2.28626 | CE47: 2.28627 | CF47: 2.28627 | CG47: 2.28613 | CH47: 2.28633 | CI47: 2.28113 | CJ47: 2.27611 | CK47: 2.27612 | CL47: 2.27612 | CM47: 2.27964 | CN47: 2.27798 | CO47: 2.26864 | CP47: 2.27298 | CR47: 2.27361 | CS47: 2.26599 | CT47: 2.26599 | CU47: 2.266 | CV47: 2.26316 | CW47: 2.26316 | CX47: 2.26066 | CY47: 2.24869 | CZ47: 2.25318 | DA47: 2.25318 | DB47: 2.17139
A48: 42073 | C48: 0.46873 | D48: 0.59515 | E48: 0.67219 | F48: 0.62787 | G48: 0.65674 | H48: 0.60056 | I48: 0.68813 | J48: 0.6308 | K48: 0.64605 | L48: 0.65831 | M48: 0.59888 | N48: 0.72582 | O48: 0.69877 | P48: 0.65041 | Q48: 0.66864 | R48: 0.73414 | S48: 0.7696 | T48: 0.71665 | U48: 0.70479 | V48: 0.78013 | W48: 0.8191 | X48: 0.93983 | Y48: 0.86476 | Z48: 0.93631 | AA48: 0.93641 | AB48: 1.01572 | AC48: 1.00829 | AD48: 0.9339 | AE48: 1.08002 | AF48: 1.11239 | AG48: 1.1683 | AH48: 1.16625 | AI48: 1.17267 | AJ48: 1.05488 | AK48: 1.24736 | AL48: 1.36991 | AM48: 1.18706 | AN48: 1.42517 | AO48: 1.52092 | AP48: 1.34901 | AQ48: 1.56496 | AR48: 1.60789 | AS48: 1.64041 | AT48: 1.63356 | AU48: 1.56638 | AV48: 2.04682 | AW48: 2.06486 | AX48: 2.08989 | AY48: 2.09828 | AZ48: 2.11997 | BA48: 2.17957 | BB48: 2.21651 | BC48: 2.25851 | BD48: 2.16405 | BE48: 2.31134 | BF48: 2.30635 | BG48: 2.30772 | BH48: 2.29538 | BI48: 2.29539 | BJ48: 2.2904 | BK48: 2.28542 | BL48: 2.28042 | BM48: 2.26139 | BN48: 2.2421 | BO48: 2.2574 | BP48: 2.25741 | BQ48: 2.25242 | BR48: 2.25243 | BS48: 2.25244 | BV48: 2.25715 | BW48: 2.26151 | BX48: 2.25383 | BY48: 2.25051 | BZ48: 2.25052 | CA48: 2.25053 | CB48: 2.25053 | CC48: 2.25054 | CD48: 2.24722 | CE48: 2.24722 | CF48: 2.24723 | CG48: 2.2466 | CH48: 2.24728 | CI48: 2.24395 | CJ48: 2.23755 | CK48: 2.23756 | CL48: 2.23756 | CM48: 2.23757 | CN48: 2.23507 | CO48: 2.23008 | CP48: 2.23393 | CR48: 2.23411 | CS48: 2.23286 | CT48: 2.23287 | CU48: 2.23287 | CV48: 2.22565 | CW48: 2.22565 | CX48: 2.22314 | CY48: 2.21013 | CZ48: 2.21566 | DA48: 2.21567 | DB48: 2.13234
A49: 42074 | C49: 0.45453 | D49: 0.5699 | E49: 0.6642 | F49: 0.67159 | G49: 0.65779 | H49: 0.59787 | I49: 0.67432 | J49: 0.62563 | K49: 0.63768 | L49: 0.64989 | M49: 0.59491 | N49: 0.73541 | O49: 0.69168 | P49: 0.64586 | Q49: 0.65885 | R49: 0.73044 | S49: 0.76656 | T49: 0.70942 | U49: 0.69724 | V49: 0.77282 | W49: 0.8103 | X49: 0.88983 | Y49: 0.8348 | Z49: 0.90777 | AA49: 0.90722 | AB49: 0.98281 | AC49: 0.97353 | AD49: 0.90036 | AE49: 1.04431 | AF49: 1.07061 | AG49: 1.13422 | AH49: 1.13026 | AI49: 1.1365 | AJ49: 1.01781 | AK49: 1.21284 | AL49: 1.33367 | AM49: 1.15476 | AN49: 1.38282 | AO49: 1.47291 | AP49: 1.30185 | AQ49: 1.51699 | AR49: 1.56143 | AS49: 1.59317 | AT49: 1.58649 | AU49: 1.52122 | AV49: 2.00592 | AW49: 2.02368 | AX49: 2.05005 | AY49: 2.05629 | AZ49: 2.07798 | BA49: 2.13927 | BB49: 2.17472 | BC49: 2.21272 | BD49: 2.12224 | BE49: 2.27005 | BF49: 2.26866 | BG49: 2.26873 | BH49: 2.25471 | BI49: 2.25702 | BJ49: 2.25204 | BK49: 2.24707 | BL49: 2.24208 | BM49: 2.22211 | BN49: 2.20249 | BO49: 2.22482 | BP49: 2.22483 | BQ49: 2.21316 | BR49: 2.21317 | BS49: 2.21319 | BV49: 2.22321 | BW49: 2.22322 | BX49: 2.21493 | BY49: 2.21162 | BZ49: 2.21163 | CA49: 2.21165 | CB49: 2.21166 | CC49: 2.21167 | CD49: 2.20835 | CE49: 2.20836 | CF49: 2.20837 | CG49: 2.20838 | CH49: 2.20784 | CI49: 2.20111 | CJ49: 2.19837 | CK49: 2.19838 | CL49: 2.19839 | CM49: 2.20177 | CN49: 2.19591 | CO49: 2.19092 | CP49: 2.19511 | CR49: 2.1959 | CS49: 2.19883 | CT49: 2.19884 | CU49: 2.19885 | CV49: 2.18652 | CW49: 2.18653 | CX49: 2.18402 | CY49: 2.17099 | CZ49: 2.17655 | DA49: 2.17655 | DB49: 2.09356
A50: 42075 | C50: 0.07953 | D50: 0.55106 | E50: 0.63981 | F50: 0.65825 | G50: 0.64426 | H50: 0.58602 | I50: 0.66444 | J50: 0.60852 | K50: 0.62215 | L50: 0.63799 | M50: 0.5825 | N50: 0.71786 | O50: 0.67693 | P50: 0.63749 | Q50: 0.65476 | R50: 0.71962 | S50: 0.77 | T50: 0.69671 | U50: 0.68521 | V50: 0.7626 | W50: 0.80095 | X50: 0.88035 | Y50: 0.82606 | Z50: 0.89949 | AA50: 0.89821 | AB50: 0.97996 | AC50: 0.94265 | AD50: 0.88639 | AE50: 1.03223 | AF50: 1.06192 | AG50: 1.12062 | AH50: 1.10039 | AI50: 1.12332 | AJ50: 1.00423 | AK50: 1.19927 | AL50: 1.32524 | AM50: 1.14808 | AN50: 1.37409 | AO50: 1.46739 | AP50: 1.30369 | AQ50: 1.51146 | AR50: 1.5548 | AS50: 1.58719 | AT50: 1.58331 | AU50: 1.51566 | AV50: 1.99794 | AW50: 2.01445 | AX50: 2.04183 | AY50: 2.05082 | AZ50: 2.07588 | BA50: 2.13008 | BB50: 2.1669 | BC50: 2.21016 | BD50: 2.10465 | BE50: 2.26102 | BF50: 2.25771 | BG50: 2.25807 | BH50: 2.24442 | BI50: 2.24781 | BJ50: 2.24283 | BK50: 2.23785 | BL50: 2.23749 | BM50: 2.2129 | BN50: 2.19035 | BO50: 2.21553 | BP50: 2.21555 | BQ50: 2.20394 | BR50: 2.20396 | BS50: 2.20397 | BV50: 2.214 | BW50: 2.21401 | BX50: 2.20565 | BY50: 2.20234 | BZ50: 2.20235 | CA50: 2.20236 | CB50: 2.20237 | CC50: 2.20238 | CD50: 2.19906 | CE50: 2.19907 | CF50: 2.19909 | CG50: 2.19909 | CH50: 2.19837 | CI50: 2.19178 | CJ50: 2.18916 | CK50: 2.18917 | CL50: 2.18918 | CM50: 2.18919 | CN50: 2.18669 | CO50: 2.1817 | CP50: 2.18582 | CR50: 2.18669 | CS50: 2.1905 | CT50: 2.19051 | CU50: 2.19051 | CV50: 2.17874 | CW50: 2.17874 | CX50: 2.17624 | CY50: 2.17127 | CZ50: 2.16876 | DA50: 2.16877 | DB50: 2.08081
A51: 42076 | C51: 0.1218 | D51: 0.53617 | E51: 0.62513 | F51: 0.64907 | G51: 0.63591 | H51: 0.56854 | I51: 0.66441 | J51: 0.59329 | K51: 0.60311 | L51: 0.62609 | M51: 0.56618 | N51: 0.68857 | O51: 0.66451 | P51: 0.60943 | Q51: 0.63409 | R51: 0.69844 | S51: 0.73458 | T51: 0.67659 | U51: 0.66763 | V51: 0.74238 | W51: 0.79588 | X51: 0.86149 | Y51: 0.80976 | Z51: 0.8792 | AA51: 0.87721 | AB51: 0.96379 | AC51: 0.92228 | AD51: 0.87035 | AE51: 1.01894 | AF51: 1.05935 | AG51: 1.11369 | AH51: 1.09393 | AI51: 1.12284 | AJ51: 0.98938 | AK51: 1.19311 | AL51: 1.31995 | AM51: 1.13705 | AN51: 1.3673 | AO51: 1.46439 | AP51: 1.29136 | AQ51: 1.51345 | AR51: 1.55277 | AS51: 1.58043 | AT51: 1.57385 | AU51: 1.50268 | AV51: 1.99305 | AW51: 1.9789 | AX51: 2.03731 | AY51: 2.04715 | AZ51: 2.06844 | BA51: 2.12181 | BB51: 2.15216 | BC51: 2.19578 | BD51: 2.10389 | BE51: 2.25204 | BF51: 2.24873 | BG51: 2.24684 | BH51: 2.23545 | BI51: 2.23668 | BJ51: 2.2317 | BK51: 2.22672 | BL51: 2.22173 | BM51: 2.20456 | BN51: 2.18123 | BO51: 2.20655 | BP51: 2.20657 | BQ51: 2.19611 | BR51: 2.19613 | BS51: 2.19614 | BV51: 2.19998 | BW51: 2.20338 | BX51: 2.19667 | BY51: 2.19336 | BZ51: 2.19337 | CA51: 2.19338 | CB51: 2.1955 | CC51: 2.19551 | CD51: 2.19008 | CE51: 2.19009 | CF51: 2.1901 | CG51: 2.18787 | CH51: 2.18719 | CI51: 2.18593 | CJ51: 2.18132 | CK51: 2.18133 | CL51: 2.18134 | CM51: 2.18135 | CN51: 2.18561 | CO51: 2.17387 | CP51: 2.17685 | CR51: 2.16389 | CS51: 2.17581 | CT51: 2.17582 | CU51: 2.17582 | CV51: 2.16853 | CW51: 2.16854 | CX51: 2.15394 | CY51: 2.15394 | CZ51: 2.15856 | DA51: 2.15857 | DB51: 2.06605
A52: 42079 | D52: 0.54495 | E52: 0.61283 | F52: 0.60441 | G52: 0.6121 | H52: 0.54608 | I52: 0.62854 | J52: 0.57383 | K52: 0.58651 | L52: 0.60556 | M52: 0.55008 | N52: 0.66917 | O52: 0.64622 | P52: 0.60609 | Q52: 0.61345 | R52: 0.68897 | S52: 0.72472 | T52: 0.66377 | U52: 0.65332 | V52: 0.72734 | W52: 0.78263 | X52: 0.83667 | Y52: 0.78545 | Z52: 0.85369 | AA52: 0.85312 | AB52: 0.93049 | AC52: 0.8999 | AD52: 0.84414 | AE52: 0.99599 | AF52: 1.03659 | AG52: 1.09056 | AH52: 1.06827 | AI52: 1.09969 | AJ52: 0.97473 | AK52: 1.17009 | AL52: 1.2949 | AM52: 1.09784 | AN52: 1.33906 | AO52: 1.43243 | AP52: 1.25844 | AQ52: 1.48664 | AR52: 1.52032 | AS52: 1.54779 | AT52: 1.51527 | AU52: 1.47024 | AV52: 1.95078 | AW52: 1.96704 | AX52: 1.99804 | AY52: 2.00857 | AZ52: 2.02983 | BA52: 2.0938 | BB52: 2.11795 | BC52: 2.16163 | BD52: 2.07509 | BE52: 2.21866 | BF52: 2.21534 | BG52: 2.21571 | BH52: 2.20203 | BI52: 2.20537 | BJ52: 2.20038 | BK52: 2.1954 | BL52: 2.19041 | BM52: 2.17042 | BN52: 2.14671 | BO52: 2.16644 | BP52: 2.16644 | BQ52: 2.17644 | BR52: 2.17645 | BS52: 2.17646 | BV52: 2.17148 | BW52: 2.17149 | BX52: 2.16249 | BY52: 2.15918 | BZ52: 2.15919 | CA52: 2.15919 | CB52: 2.1592 | CC52: 2.15921 | CD52: 2.15588 | CE52: 2.15589 | CF52: 2.15589 | CG52: 2.15493 | CH52: 2.15494 | CI52: 2.15293 | CJ52: 2.14658 | CK52: 2.14658 | CL52: 2.14659 | CM52: 2.14659 | CN52: 2.1441 | CO52: 2.1491 | CP52: 2.13661 | CR52: 2.14409 | CS52: 2.15567 | CT52: 2.15567 | CU52: 2.15568 | CV52: 2.13765 | CW52: 2.13766 | CX52: 2.13515 | CY52: 2.13017 | CZ52: 2.12767 | DA52: 2.12767 | DB52: 2.03436
A53: 42080 | D53: 0.54842 | E53: 0.61277 | F53: 0.58892 | G53: 0.61338 | H53: 0.55135 | I53: 0.62852 | J53: 0.58791 | K53: 0.58914 | L53: 0.61252 | M53: 0.55468 | N53: 0.67032 | O53: 0.6655 | P53: 0.60166 | Q53: 0.6265 | R53: 0.6918 | S53: 0.72838 | T53: 0.66988 | U53: 0.66014 | V53: 0.73487 | W53: 0.78865 | X53: 0.8228 | Y53: 0.77182 | Z53: 0.84078 | AA53: 0.84008 | AB53: 0.91537 | AC53: 0.88537 | AD53: 0.8298 | AE53: 0.97905 | AF53: 1.0209 | AG53: 1.08922 | AH53: 1.08698 | AI53: 1.08345 | AJ53: 0.95707 | AK53: 1.15414 | AL53: 1.26032 | AM53: 1.08671 | AN53: 1.30591 | AO53: 1.39438 | AP53: 1.2268 | AQ53: 1.44919 | AR53: 1.48948 | AS53: 1.51688 | AT53: 1.5089 | AU53: 1.43612 | AV53: 1.91833 | AW53: 1.93479 | AX53: 1.96522 | AY53: 1.97589 | AZ53: 1.99715 | BA53: 2.06215 | BB53: 2.08774 | BC53: 2.13191 | BD53: 2.03389 | BE53: 2.18709 | BF53: 2.18377 | BG53: 2.18217 | BH53: 2.17013 | BI53: 2.1732 | BJ53: 2.16821 | BK53: 2.16322 | BL53: 2.16156 | BM53: 2.15323 | BN53: 2.11353 | BO53: 2.14019 | BP53: 2.1402 | BQ53: 2.14376 | BR53: 2.12878 | BS53: 2.12879 | BV53: 2.13881 | BW53: 2.13881 | BX53: 2.13025 | BY53: 2.12694 | BZ53: 2.12695 | CA53: 2.12695 | CB53: 2.12696 | CC53: 2.12697 | CD53: 2.12364 | CE53: 2.12365 | CF53: 2.12366 | CG53: 2.12366 | CH53: 2.12161 | CI53: 2.1154 | CJ53: 2.1139 | CK53: 2.11391 | CL53: 2.11391 | CM53: 2.11702 | CN53: 2.11142 | CO53: 2.10643 | CP53: 2.11036 | CR53: 2.11141 | CS53: 2.11409 | CT53: 2.11409 | CU53: 2.11409 | CV53: 2.10203 | CW53: 2.10203 | CX53: 2.09953 | CY53: 2.09455 | CZ53: 2.09205 | DA53: 2.09205 | DB53: 1.99715
A54: 42081 | D54: 0.52384 | E54: 0.60517 | F54: 0.62749 | G54: 0.6005 | H54: 0.52234 | I54: 0.62484 | J54: 0.58493 | K54: 0.55088 | L54: 0.56066 | M54: 0.50159 | N54: 0.65196 | O54: 0.64384 | P54: 0.54782 | Q54: 0.56735 | R54: 0.6426 | S54: 0.68033 | T54: 0.62121 | U54: 0.61113 | V54: 0.68315 | W54: 0.73862 | X54: 0.74305 | Y54: 0.69507 | Z54: 0.76265 | AA54: 0.7565 | AB54: 0.83366 | AC54: 0.82103 | AD54: 0.74667 | AE54: 0.89796 | AF54: 0.93908 | AG54: 1.00664 | AH54: 0.97389 | AI54: 1.00133 | AJ54: 0.86489 | AK54: 1.07154 | AL54: 1.16609 | AM54: 0.97711 | AN54: 1.21537 | AO54: 1.30014 | AP54: 1.13287 | AQ54: 1.35597 | AR54: 1.39766 | AS54: 1.42515 | AT54: 1.41765 | AU54: 1.34851 | AV54: 1.83062 | AW54: 1.84551 | AX54: 1.87802 | AY54: 1.88829 | AZ54: 1.91381 | BA54: 1.98215 | BB54: 2.0125 | BC54: 2.05636 | BD54: 1.96776 | BE54: 2.11356 | BF54: 2.11025 | BG54: 2.11054 | BH54: 2.09663 | BI54: 2.09998 | BJ54: 2.095 | BK54: 2.09002 | BL54: 2.08896 | BM54: 2.06506 | BN54: 2.04002 | BO54: 2.06607 | BP54: 2.06608 | BQ54: 2.0551 | BR54: 2.07011 | BS54: 2.07012 | BV54: 2.06516 | BW54: 2.06517 | BX54: 2.05617 | BY54: 2.05286 | BZ54: 2.05287 | CA54: 2.05288 | CB54: 2.05523 | CC54: 2.05524 | CD54: 2.04958 | CE54: 2.04959 | CF54: 2.0496 | CG54: 2.04788 | CH54: 2.04788 | CI54: 2.0459 | CJ54: 2.04031 | CK54: 2.04032 | CL54: 2.04033 | CM54: 2.04033 | CN54: 2.03784 | CO54: 2.03285 | CP54: 2.03634 | CR54: 2.03785 | CS54: 2.04827 | CT54: 2.04828 | CU54: 2.04828 | CV54: 2.03028 | CW54: 2.03029 | CX54: 2.02779 | CY54: 2.02281 | CZ54: 2.02031 | DA54: 2.02032 | DB54: 1.92785
A55: 42082 | D55: 0.5101 | E55: 0.58566 | F55: 0.59347 | G55: 0.58975 | H55: 0.51776 | I55: 0.60511 | J55: 0.57528 | K55: 0.54056 | L55: 0.55173 | M55: 0.49471 | N55: 0.63888 | O55: 0.61179 | P55: 0.54875 | Q55: 0.56764 | R55: 0.63379 | S55: 0.6709 | T55: 0.61214 | U55: 0.60233 | V55: 0.67539 | W55: 0.73006 | X55: 0.74566 | Y55: 0.69538 | Z55: 0.76401 | AA55: 0.76303 | AB55: 0.83462 | AC55: 0.81459 | AD55: 0.74674 | AE55: 0.89732 | AF55: 0.93644 | AG55: 1.00312 | AH55: 0.97071 | AI55: 0.998 | AJ55: 0.86408 | AK55: 1.06752 | AL55: 1.16018 | AM55: 0.98315 | AN55: 1.208 | AO55: 1.29075 | AP55: 1.1252 | AQ55: 1.34577 | AR55: 1.38927 | AS55: 1.41622 | AT55: 1.4104 | AU55: 1.33981 | AV55: 1.81843 | AW55: 1.83132 | AX55: 1.86553 | AY55: 1.8766 | AZ55: 1.89788 | BA55: 1.95479 | BB55: 1.99208 | BC55: 2.03749 | BD55: 1.93869 | BE55: 2.09178 | BF55: 2.09118 | BG55: 2.0912 | BH55: 2.07756 | BI55: 2.07998 | BJ55: 2.075 | BK55: 2.07002 | BL55: 2.06896 | BM55: 2.06004 | BN55: 2.01796 | BO55: 2.04732 | BP55: 2.04734 | BQ55: 2.036 | BR55: 2.03602 | BS55: 2.03603 | BV55: 2.04515 | BW55: 2.04517 | BX55: 2.03743 | BY55: 2.03412 | BZ55: 2.03413 | CA55: 2.03414 | CB55: 2.03415 | CC55: 2.03416 | CD55: 2.03084 | CE55: 2.03085 | CF55: 2.03086 | CG55: 2.03028 | CH55: 2.0298 | CI55: 2.02457 | CJ55: 2.0212 | CK55: 2.02121 | CL55: 2.02122 | CM55: 2.02425 | CN55: 2.01873 | CO55: 2.01374 | CP55: 2.0176 | CR55: 2.00377 | CS55: 2.01121 | CT55: 2.01121 | CU55: 2.01122 | CV55: 2.00828 | CW55: 2.00828 | CX55: 2.00578 | CY55: 1.99381 | CZ55: 1.9983 | DA55: 1.99831 | DB55: 1.90371
A56: 42083 | D56: 0.50117 | E56: 0.55646 | F56: 0.59047 | G56: 0.57676 | H56: 0.49425 | I56: 0.57551 | J56: 0.57721 | K56: 0.52316 | L56: 0.54875 | M56: 0.48187 | N56: 0.60594 | O56: 0.60606 | P56: 0.51096 | Q56: 0.54506 | R56: 0.60906 | S56: 0.64749 | T56: 0.57983 | U56: 0.58547 | V56: 0.65993 | W56: 0.71332 | X56: 0.72976 | Y56: 0.67958 | Z56: 0.74869 | AA56: 0.74758 | AB56: 0.8179 | AC56: 0.78301 | AD56: 0.73071 | AE56: 0.87899 | AF56: 0.91823 | AG56: 0.98426 | AH56: 0.95399 | AI56: 0.98034 | AJ56: 0.85347 | AK56: 1.0502 | AL56: 1.14274 | AM56: 0.96506 | AN56: 1.19263 | AO56: 1.2797 | AP56: 1.11246 | AQ56: 1.32874 | AR56: 1.37308 | AS56: 1.39979 | AT56: 1.39279 | AU56: 1.3241 | AV56: 1.80283 | AW56: 1.81305 | AX56: 1.84928 | AY56: 1.86752 | AZ56: 1.88782 | BA56: 1.95136 | BB56: 1.9787 | BC56: 2.01969 | BD56: 1.92074 | BE56: 2.08264 | BF56: 2.07934 | BG56: 2.07478 | BH56: 2.07028 | BI56: 2.07254 | BJ56: 2.06923 | BK56: 2.06258 | BL56: 2.05594 | BM56: 2.05037 | BN56: 2.00283 | BO56: 2.04039 | BP56: 2.04041 | BQ56: 2.04042 | BR56: 2.04043 | BS56: 2.04045 | BV56: 2.03548 | BW56: 2.03607 | BX56: 2.03274 | BY56: 2.02552 | BZ56: 2.01896 | CA56: 2.01897 | CB56: 2.02105 | CC56: 2.02106 | CD56: 2.01567 | CE56: 2.01568 | CF56: 2.01569 | CG56: 2.0157 | CH56: 2.01305 | CI56: 2.0062 | CJ56: 2.00563 | CK56: 2.00564 | CL56: 2.00564 | CM56: 2.00908 | CN56: 2.01095 | CO56: 2.00408 | CP56: 2.00591 | CR56: 2.00215 | CS56: 1.99426 | CT56: 1.99426 | CU56: 1.98821 | CV56: 1.99093 | CW56: 1.99093 | CX56: 1.98843 | CY56: 1.97824 | CZ56: 1.98095 | DA56: 1.98096 | DB56: 1.88567
A57: 42086 | D57: 0.53042 | E57: 0.56426 | F57: 0.59431 | G57: 0.57834 | H57: 0.4967 | I57: 0.57985 | J57: 0.58092 | K57: 0.52429 | L57: 0.54884 | M57: 0.48244 | N57: 0.60879 | O57: 0.58934 | P57: 0.51 | Q57: 0.53599 | R57: 0.60909 | S57: 0.64696 | T57: 0.5797 | U57: 0.58475 | V57: 0.64739 | W57: 0.71114 | X57: 0.72934 | Y57: 0.67912 | Z57: 0.74815 | AA57: 0.74752 | AB57: 0.81735 | AC57: 0.7838 | AD57: 0.73055 | AE57: 0.8784 | AF57: 0.9182 | AG57: 0.98517 | AH57: 0.95521 | AI57: 0.98082 | AJ57: 0.84409 | AK57: 1.05185 | AL57: 1.14707 | AM57: 0.97387 | AN57: 1.19592 | AO57: 1.28188 | AP57: 1.11406 | AQ57: 1.3309 | AR57: 1.37553 | AS57: 1.40192 | AT57: 1.39566 | AU57: 1.32469 | AV57: 1.8085 | AW57: 1.79235 | AX57: 1.85246 | AY57: 1.86859 | AZ57: 1.88996 | BA57: 1.95349 | BB57: 1.98441 | BC57: 2.02498 | BD57: 1.92988 | BE57: 2.0913 | BF57: 2.08799 | BG57: 2.08303 | BH57: 2.07861 | BI57: 2.0805 | BJ57: 2.07718 | BK57: 2.07052 | BL57: 2.06387 | BM57: 2.05866 | BN57: 2.00975 | BO57: 2.04867 | BP57: 2.04868 | BQ57: 2.04869 | BR57: 2.04869 | BS57: 2.0487 | BV57: 2.04372 | BW57: 2.04395 | BX57: 2.04062 | BY57: 2.03375 | BZ57: 2.02749 | CA57: 2.0275 | CB57: 2.03146 | CC57: 2.03147 | CD57: 2.02481 | CE57: 2.02482 | CF57: 2.02482 | CG57: 2.02149 | CH57: 2.0215 | CI57: 2.01475 | CJ57: 2.02003 | CK57: 2.02004 | CL57: 2.02004 | CM57: 2.02004 | CN57: 2.02005 | CO57: 2.01504 | CP57: 2.02628 | CR57: 2.01002 | CS57: 2.00626 | CT57: 2.00627 | CU57: 2.00627 | CV57: 1.99628 | CW57: 1.99628 | CX57: 1.99628 | CY57: 1.99131 | CZ57: 1.99249 | DA57: 1.9925 | DB57: 1.89511
A58: 42087 | D58: 0.5271 | E58: 0.56812 | F58: 0.59585 | G58: 0.56883 | H58: 0.50711 | I58: 0.57984 | J58: 0.58301 | K58: 0.53444 | L58: 0.54585 | M58: 0.48702 | N58: 0.62475 | O58: 0.61145 | P58: 0.52757 | Q58: 0.55462 | R58: 0.62049 | S58: 0.6591 | T58: 0.59066 | U58: 0.59587 | V58: 0.6695 | W58: 0.72308 | X58: 0.73127 | Y58: 0.68248 | Z58: 0.75051 | AA58: 0.74962 | AB58: 0.81931 | AC58: 0.78475 | AD58: 0.73096 | AE58: 0.88077 | AF58: 0.91973 | AG58: 0.9867 | AH58: 0.98124 | AI58: 0.98439 | AJ58: 0.84481 | AK58: 1.05375 | AL58: 1.14571 | AM58: 0.96788 | AN58: 1.19557 | AO58: 1.26806 | AP58: 1.10293 | AQ58: 1.32338 | AR58: 1.36814 | AS58: 1.39475 | AT58: 1.38941 | AU58: 1.32017 | AV58: 1.79834 | AW58: 1.81075 | AX58: 1.84597 | AY58: 1.86574 | AZ58: 1.87847 | BA58: 1.94197 | BB58: 1.97508 | BC58: 2.02312 | BD58: 1.92277 | BE58: 2.0794 | BF58: 2.07609 | BG58: 2.07336 | BH58: 2.06643 | BI58: 2.06971 | BJ58: 2.06146 | BK58: 2.05974 | BL58: 2.05309 | BM58: 2.04649 | BN58: 1.99672 | BO58: 2.0365 | BP58: 2.03651 | BQ58: 2.03652 | BR58: 2.03652 | BS58: 2.03653 | BV58: 2.03155 | BW58: 2.03317 | BX58: 2.02656 | BY58: 2.02157 | BZ58: 2.01459 | CA58: 2.0146 | CB58: 2.01461 | CC58: 2.01461 | CD58: 2.01129 | CE58: 2.01129 | CF58: 2.01066 | CG58: 2.00926 | CH58: 2.00927 | CI58: 2.00357 | CJ58: 1.99664 | CK58: 2.00569 | CL58: 2.00569 | CM58: 1.99665 | CN58: 2.0057 | CO58: 1.98917 | CP58: 2.00069 | CR58: 1.99567 | CS58: 2.01011 | CT58: 2.01012 | CU58: 2.01012 | CV58: 1.98604 | CW58: 1.98605 | CX58: 1.98709 | CY58: 1.98012 | CZ58: 1.98082 | DA58: 1.98083 | DB58: 1.88861
A59: 42088 | D59: 0.52608 | E59: 0.56075 | F59: 0.60744 | G59: 0.597 | H59: 0.51767 | I59: 0.57637 | J59: 0.58721 | K59: 0.55782 | L59: 0.57841 | M59: 0.51811 | N59: 0.63046 | O59: 0.63141 | P59: 0.55501 | Q59: 0.58212 | R59: 0.64619 | S59: 0.68599 | T59: 0.61459 | U59: 0.61962 | V59: 0.69384 | W59: 0.74661 | X59: 0.79612 | Y59: 0.71566 | Z59: 0.78607 | AA59: 0.78404 | AB59: 0.85957 | AC59: 0.82672 | AD59: 0.76331 | AE59: 0.90856 | AF59: 0.94811 | AG59: 1.01353 | AH59: 0.98295 | AI59: 1.01104 | AJ59: 0.88214 | AK59: 1.08067 | AL59: 1.16783 | AM59: 0.99461 | AN59: 1.22306 | AO59: 1.29948 | AP59: 1.1402 | AQ59: 1.34853 | AR59: 1.39583 | AS59: 1.42224 | AT59: 1.41683 | AU59: 1.34472 | AV59: 1.83279 | AW59: 1.81639 | AX59: 1.87723 | AY59: 1.89702 | AZ59: 1.92299 | BA59: 1.97773 | BB59: 2.02194 | BC59: 2.06284 | BD59: 1.97045 | BE59: 2.12044 | BF59: 2.11713 | BG59: 2.10989 | BH59: 2.10587 | BI59: 2.10799 | BJ59: 2.10468 | BK59: 2.09803 | BL59: 2.09139 | BM59: 2.08596 | BN59: 2.03679 | BO59: 2.07598 | BP59: 2.07599 | BQ59: 2.07601 | BR59: 2.07602 | BS59: 2.07603 | BV59: 2.07107 | BW59: 2.07152 | BX59: 2.06819 | BY59: 2.06111 | BZ59: 2.05509 | CA59: 2.0551 | CB59: 2.05951 | CC59: 2.05952 | CD59: 2.05287 | CE59: 2.05288 | CF59: 2.05289 | CG59: 2.04956 | CH59: 2.04957 | CI59: 2.04282 | CJ59: 2.04812 | CK59: 2.04813 | CL59: 2.04814 | CM59: 2.04815 | CN59: 2.04816 | CO59: 2.04315 | CP59: 2.05437 | CR59: 2.03814 | CS59: 2.03437 | CT59: 2.03438 | CU59: 2.03439 | CV59: 2.02439 | CW59: 2.0244 | CX59: 2.02441 | CY59: 2.01943 | CZ59: 2.02028 | DA59: 2.02029 | DB59: 1.92507
A60: 42089 | D60: 0.57038 | E60: 0.61875 | F60: 0.63505 | G60: 0.63514 | H60: 0.58463 | I60: 0.64434 | J60: 0.64487 | K60: 0.63443 | L60: 0.65566 | M60: 0.60185 | N60: 0.70506 | O60: 0.7013 | P60: 0.6469 | Q60: 0.67055 | R60: 0.73828 | S60: 0.80096 | T60: 0.70062 | U60: 0.70497 | V60: 0.78282 | W60: 0.81514 | X60: 0.87549 | Y60: 0.82497 | Z60: 0.89518 | AA60: 0.89395 | AB60: 0.97128 | AC60: 0.94191 | AD60: 0.87249 | AE60: 1.02218 | AF60: 1.05727 | AG60: 1.12676 | AH60: 1.09372 | AI60: 1.11545 | AJ60: 0.98499 | AK60: 1.18898 | AL60: 1.27915 | AM60: 1.10814 | AN60: 1.33217 | AO60: 1.41028 | AP60: 1.24419 | AQ60: 1.45601 | AR60: 1.50345 | AS60: 1.53474 | AT60: 1.52322 | AU60: 1.45823 | AV60: 1.93446 | AW60: 1.91927 | AX60: 1.97541 | AY60: 1.9898 | AZ60: 2.01256 | BA60: 2.06978 | BB60: 2.0989 | BC60: 2.14497 | BD60: 2.04941 | BE60: 2.18956 | BF60: 2.18626 | BG60: 2.18238 | BH60: 2.1713 | BI60: 2.17826 | BJ60: 2.17004 | BK60: 2.1683 | BL60: 2.16166 | BM60: 2.1551 | BN60: 2.10498 | BO60: 2.14412 | BP60: 2.14413 | BQ60: 2.14414 | BR60: 2.14416 | BS60: 2.14417 | BV60: 2.1392 | BW60: 2.14113 | BX60: 2.13423 | BY60: 2.12924 | BZ60: 2.12289 | CA60: 2.1229 | CB60: 2.12291 | CC60: 2.12292 | CD60: 2.1196 | CE60: 2.11961 | CF60: 2.11931 | CG60: 2.1179 | CH60: 2.11791 | CI60: 2.11458 | CJ60: 2.11434 | CK60: 2.11435 | CL60: 2.11436 | CM60: 2.11437 | CN60: 2.11437 | CO60: 2.10937 | CP60: 2.10938 | CR60: 2.10437 | CS60: 2.11883 | CT60: 2.11884 | CU60: 2.11885 | CV60: 2.09705 | CW60: 2.09705 | CX60: 2.09474 | CY60: 2.08977 | CZ60: 2.08954 | DA60: 2.08954 | DB60: 2.00101
A61: 42090 | D61: 0.55513 | E61: 0.61862 | F61: 0.61915 | G61: 0.62939 | H61: 0.54147 | I61: 0.64431 | J61: 0.63505 | K61: 0.58729 | L61: 0.60018 | M61: 0.5439 | N61: 0.68101 | O61: 0.6401 | P61: 0.58172 | Q61: 0.61225 | R61: 0.67978 | S61: 0.71286 | T61: 0.64078 | U61: 0.64562 | V61: 0.72248 | W61: 0.76356 | X61: 0.80857 | Y61: 0.75616 | Z61: 0.8277 | AA61: 0.82527 | AB61: 0.90024 | AC61: 0.87353 | AD61: 0.79268 | AE61: 0.95105 | AF61: 0.98102 | AG61: 1.05583 | AH61: 1.02438 | AI61: 1.04511 | AJ61: 0.91545 | AK61: 1.11805 | AL61: 1.21444 | AM61: 1.04056 | AN61: 1.26791 | AO61: 1.33955 | AP61: 1.17506 | AQ61: 1.39088 | AR61: 1.43896 | AS61: 1.47036 | AT61: 1.47151 | AU61: 1.38878 | AV61: 1.86847 | AW61: 1.87825 | AX61: 1.91212 | AY61: 1.92654 | AZ61: 1.94931 | BA61: 2.01218 | BB61: 2.03624 | BC61: 2.08194 | BD61: 1.98823 | BE61: 2.13541 | BF61: 2.1321 | BG61: 2.1268 | BH61: 2.1211 | BI61: 2.12288 | BJ61: 2.11957 | BK61: 2.11292 | BL61: 2.10628 | BM61: 2.10119 | BN61: 2.04742 | BO61: 2.09521 | BP61: 2.09523 | BQ61: 2.09524 | BR61: 2.09525 | BS61: 2.09527 | BV61: 2.09239 | BW61: 2.08908 | BX61: 2.08576 | BY61: 2.08243 | BZ61: 2.07535 | CA61: 2.07536 | CB61: 2.07581 | CC61: 2.07582 | CD61: 2.06593 | CE61: 2.06594 | CF61: 2.06546 | CG61: 2.06547 | CH61: 2.06079 | CI61: 2.05588 | CJ61: 2.05545 | CK61: 2.05546 | CL61: 2.05547 | CM61: 2.05548 | CN61: 2.05298 | CO61: 2.04799 | CP61: 2.05219 | CR61: 2.05298 | CS61: 2.05626 | CT61: 2.05627 | CU61: 2.05627 | CV61: 2.04411 | CW61: 2.04412 | CX61: 2.04161 | CY61: 2.02806 | CZ61: 2.03414 | DA61: 2.03414 | DB61: 1.95224
A62: 42093 | D62: 0.57173 | E62: 0.61182 | F62: 0.62279 | G62: 0.61836 | H62: 0.53331 | I62: 0.62831 | J62: 0.62814 | K62: 0.58167 | L62: 0.59752 | M62: 0.544 | N62: 0.66094 | O62: 0.63459 | P62: 0.57454 | Q62: 0.59798 | R62: 0.66299 | S62: 0.72796 | T62: 0.62484 | U62: 0.62843 | V62: 0.70336 | W62: 0.7412 | X62: 0.8045 | Y62: 0.74973 | Z62: 0.8212 | AA62: 0.81942 | AB62: 0.9086 | AC62: 0.85597 | AD62: 0.7881 | AE62: 0.94648 | AF62: 0.98076 | AG62: 1.05116 | AH62: 1.04679 | AI62: 1.03882 | AJ62: 0.91962 | AK62: 1.11135 | AL62: 1.22126 | AM62: 1.04102 | AN62: 1.27119 | AO62: 1.35405 | AP62: 1.18728 | AQ62: 1.40032 | AR62: 1.44614 | AS62: 1.4778 | AT62: 1.47787 | AU62: 1.40197 | AV62: 1.87536 | AW62: 1.86356 | AX62: 1.91878 | AY62: 1.94043 | AZ62: 1.96159 | BA62: 2.01766 | BB62: 2.03975 | BC62: 2.08417 | BD62: 1.98362 | BE62: 2.13887 | BF62: 2.13556 | BG62: 2.12713 | BH62: 2.12428 | BI62: 2.12521 | BJ62: 2.12189 | BK62: 2.11523 | BL62: 2.10858 | BM62: 2.10858 | BN62: 2.04701 | BO62: 2.10126 | BP62: 2.10127 | BQ62: 2.09837 | BR62: 2.09838 | BS62: 2.09838 | BV62: 2.09464 | BW62: 2.09131 | BX62: 2.08799 | BY62: 2.08466 | BZ62: 2.07843 | CA62: 2.07844 | CB62: 2.07801 | CC62: 2.07802 | CD62: 2.06863 | CE62: 2.06864 | CF62: 2.06878 | CG62: 2.06878 | CH62: 2.06338 | CI62: 2.05805 | CJ62: 2.0585 | CK62: 2.0585 | CL62: 2.05851 | CM62: 2.06214 | CN62: 2.06442 | CO62: 2.05102 | CP62: 2.05989 | CR62: 2.04103 | CS62: 2.0484 | CT62: 2.04841 | CU62: 2.04841 | CV62: 2.04541 | CW62: 2.04542 | CX62: 2.04291 | CY62: 2.03106 | CZ62: 2.03543 | DA62: 2.03543 | DB62: 1.94013
A63: 42094 | D63: 0.551 | E63: 0.59949 | F63: 0.63228 | G63: 0.62241 | H63: 0.53754 | I63: 0.62259 | J63: 0.62987 | K63: 0.577 | L63: 0.59205 | M63: 0.53227 | N63: 0.67798 | O63: 0.63699 | P63: 0.56244 | Q63: 0.59436 | R63: 0.66413 | S63: 0.69717 | T63: 0.60825 | U63: 0.61163 | V63: 0.67481 | W63: 0.729 | X63: 0.78252 | Y63: 0.72971 | Z63: 0.80172 | AA63: 0.79826 | AB63: 0.88129 | AC63: 0.84448 | AD63: 0.78521 | AE63: 0.93506 | AF63: 0.96704 | AG63: 1.04278 | AH63: 1.03856 | AI63: 1.02947 | AJ63: 0.90035 | AK63: 1.10291 | AL63: 1.21415 | AM63: 1.03531 | AN63: 1.26504 | AO63: 1.3453 | AP63: 1.17411 | AQ63: 1.39104 | AR63: 1.43813 | AS63: 1.47048 | AT63: 1.45829 | AU63: 1.38931 | AV63: 1.8731 | AW63: 1.88434 | AX63: 1.9167 | AY63: 1.93387 | AZ63: 1.9563 | BA63: 2.01153 | BB63: 2.03365 | BC63: 2.07271 | BD63: 1.97224 | BE63: 2.13238 | BF63: 2.12908 | BG63: 2.1238 | BH63: 2.11828 | BI63: 2.12015 | BJ63: 2.11684 | BK63: 2.1102 | BL63: 2.10356 | BM63: 2.0984 | BN63: 2.04295 | BO63: 2.09242 | BP63: 2.09244 | BQ63: 2.09246 | BR63: 2.09247 | BS63: 2.09249 | BV63: 2.0897 | BW63: 2.08638 | BX63: 2.08307 | BY63: 2.07974 | BZ63: 2.07259 | CA63: 2.0726 | CB63: 2.07312 | CC63: 2.07314 | CD63: 2.06351 | CE63: 2.06352 | CF63: 2.0632 | CG63: 2.06285 | CH63: 2.06022 | CI63: 2.05321 | CJ63: 2.05271 | CK63: 2.05272 | CL63: 2.05273 | CM63: 2.05274 | CN63: 2.05025 | CO63: 2.04526 | CP63: 2.04959 | CR63: 2.05024 | CS63: 2.04877 | CT63: 2.04878 | CU63: 2.04878 | CV63: 2.0418 | CW63: 2.0418 | CX63: 2.0393 | CY63: 2.02535 | CZ63: 2.03183 | DA63: 2.03184 | DB63: 1.9374
... A90: 42132 | D90: 0.55929 | E90: 0.68301 | F90: 0.7114 | G90: 0.74606 | H90: 0.75554 | I90: 0.71177 | J90: 0.77143 | K90: 0.75024 | L90: 0.76693 | M90: 0.69728 | N90: 0.83965 | O90: 0.80239 | P90: 0.72567 | Q90: 0.76403 | R90: 0.86277 | S90: 0.85933 | T90: 0.77446 | U90: 0.81099 | V90: 0.87682 | W90: 0.92164 | X90: 1.03444 | Y90: 0.97929 | Z90: 1.03248 | AA90: 1.03204 | AB90: 1.15592 | AC90: 1.13844 | AD90: 1.06336 | AE90: 1.20924 | AF90: 1.25847 | AG90: 1.32424 | AH90: 1.32064 | AI90: 1.33526 | AJ90: 1.21195 | AK90: 1.41399 | AL90: 1.5473 | AM90: 1.36855 | AN90: 1.60568 | AO90: 1.68523 | AP90: 1.51477 | AQ90: 1.73266 | AR90: 1.77116 | AS90: 1.81759 | AT90: 1.77128 | AU90: 1.71461 | AV90: 2.19109 | AW90: 2.20051 | AX90: 2.23024 | AY90: 2.24633 | AZ90: 2.27033 | BA90: 2.30875 | BB90: 2.32829 | BC90: 2.36739 | BD90: 2.27544 | BE90: 2.46186 | BF90: 2.44658 | BG90: 2.44051 | BH90: 2.43223 | BI90: 2.41874 | BJ90: 2.43247 | BK90: 2.4126 | BL90: 2.41271 | BM90: 2.41753 | BN90: 2.35111 | BO90: 2.39704 | BP90: 2.39706 | BQ90: 2.39707 | BR90: 2.39709 | BS90: 2.39211 | BV90: 2.38714 | BW90: 2.38887 | BX90: 2.38217 | BY90: 2.37458 | BZ90: 2.37459 | CA90: 2.3746 | CB90: 2.37893 | CC90: 2.37895 | CD90: 2.37091 | CE90: 2.37092 | CF90: 2.37101 | CG90: 2.36509 | CH90: 2.36234 | CI90: 2.36182 | CJ90: 2.36035 | CK90: 2.36036 | CL90: 2.36037 | CM90: 2.36038 | CN90: 2.35789 | CO90: 2.3529 | CP90: 2.35041 | CR90: 2.35487 | CS90: 2.35488 | CT90: 2.35489 | CU90: 2.35489 | CV90: 2.36454 | CW90: 2.36455 | CX90: 2.34989 | CY90: 2.34594 | CZ90: 2.34343 | DA90: 2.34344 | DB90: 2.25322
A91: 42135 | D91: 0.59801 | E91: 0.69491 | F91: 0.74694 | G91: 0.75588 | H91: 0.70134 | I91: 0.71659 | J91: 0.79166 | K91: 0.78441 | L91: 0.79398 | M91: 0.73215 | N91: 0.86964 | O91: 0.83396 | P91: 0.77002 | Q91: 0.80822 | R91: 0.9078 | S91: 0.91551 | T91: 0.82474 | U91: 0.86164 | V91: 0.92641 | W91: 0.97204 | X91: 1.11228 | Y91: 1.06179 | Z91: 1.11345 | AA91: 1.13129 | AB91: 1.24321 | AC91: 1.25788 | AD91: 1.14254 | AE91: 1.29821 | AF91: 1.35025 | AG91: 1.41978 | AH91: 1.41769 | AI91: 1.4328 | AJ91: 1.29612 | AK91: 1.51048 | AL91: 1.66822 | AM91: 1.49758 | AN91: 1.72147 | AO91: 1.80353 | AP91: 1.63632 | AQ91: 1.85701 | AR91: 1.89555 | AS91: 1.93559 | AT91: 1.88996 | AU91: 1.83635 | AV91: 2.30715 | AW91: 2.32244 | AX91: 2.3552 | AY91: 2.36854 | AZ91: 2.38546 | BA91: 2.42826 | BB91: 2.43509 | BC91: 2.47766 | BD91: 2.37699 | BE91: 2.56572 | BF91: 2.5596 | BG91: 2.55051 | BH91: 2.54476 | BI91: 2.53254 | BJ91: 2.53866 | BK91: 2.52257 | BL91: 2.51759 | BM91: 2.51821 | BN91: 2.45766 | BO91: 2.50722 | BP91: 2.50723 | BQ91: 2.50724 | BR91: 2.50725 | BS91: 2.50226 | BV91: 2.49728 | BW91: 2.49759 | BX91: 2.49426 | BY91: 2.48731 | BZ91: 2.48732 | CA91: 2.48733 | CB91: 2.48763 | CC91: 2.48764 | CD91: 2.47757 | CE91: 2.47758 | CF91: 2.47733 | CG91: 2.47733 | CH91: 2.47257 | CI91: 2.46768 | CJ91: 2.46739 | CK91: 2.4674 | CL91: 2.4674 | CM91: 2.46741 | CN91: 2.46491 | CO91: 2.45992 | CP91: 2.45743 | CR91: 2.44994 | CS91: 2.44994 | CT91: 2.44995 | CU91: 2.44995 | CV91: 2.44245 | CW91: 2.44246 | CX91: 2.43997 | CY91: 2.43997 | CZ91: 2.43247 | DA91: 2.43248
A92: 42136 | D92: 0.59245 | E92: 0.70447 | F92: 0.74567 | G92: 0.7627 | H92: 0.69095 | I92: 0.74131 | J92: 0.79676 | K92: 0.77161 | L92: 0.77906 | M92: 0.71957 | N92: 0.86829 | O92: 0.82933 | P92: 0.76313 | Q92: 0.80122 | R92: 0.90041 | S92: 0.89783 | T92: 0.82122 | U92: 0.85862 | V92: 0.92498 | W92: 0.97029 | X92: 1.08896 | Y92: 1.03943 | Z92: 1.08629 | AA92: 1.1053 | AB92: 1.21914 | AC92: 1.25749 | AD92: 1.13111 | AE92: 1.27749 | AF92: 1.33087 | AG92: 1.40465 | AH92: 1.40207 | AI92: 1.40922 | AJ92: 1.27875 | AK92: 1.49702 | AL92: 1.65635 | AM92: 1.47413 | AN92: 1.70959 | AO92: 1.79341 | AP92: 1.6374 | AQ92: 1.84674 | AR92: 1.88427 | AS92: 1.92388 | AT92: 1.87859 | AU92: 1.82864 | AV92: 2.29487 | AW92: 2.31027 | AX92: 2.34071 | AY92: 2.35464 | AZ92: 2.37633 | BA92: 2.41777 | BB92: 2.43195 | BC92: 2.47296 | BD92: 2.37391 | BE92: 2.56132 | BF92: 2.55506 | BG92: 2.5454 | BH92: 2.53969 | BI92: 2.52743 | BJ92: 2.5331 | BK92: 2.51746 | BL92: 2.51641 | BM92: 2.51366 | BN92: 2.45359 | BO92: 2.50544 | BP92: 2.50545 | BQ92: 2.50219 | BR92: 2.5022 | BS92: 2.49721 | BV92: 2.4955 | BW92: 2.49218 | BX92: 2.48885 | BY92: 2.48226 | BZ92: 2.48227 | CA92: 2.48228 | CB92: 2.48222 | CC92: 2.48223 | CD92: 2.4728 | CE92: 2.47281 | CF92: 2.47282 | CG92: 2.47261 | CH92: 2.46749 | CI92: 2.46228 | CJ92: 2.46235 | CK92: 2.46235 | CL92: 2.46236 | CM92: 2.46236 | CN92: 2.45987 | CO92: 2.45487 | CP92: 2.45238 | CR92: 2.45985 | CS92: 2.45901 | CT92: 2.45902 | CU92: 2.45902 | CV92: 2.45237 | CW92: 2.45237 | CX92: 2.44986 | CY92: 2.44489 | CZ92: 2.44238 | DA92: 2.44239
A93: 42137 | D93: 0.54017 | E93: 0.68459 | F93: 0.73215 | G93: 0.75211 | H93: 0.78091 | I93: 0.73356 | J93: 0.78563 | K93: 0.77523 | L93: 0.78595 | M93: 0.72515 | N93: 0.863 | O93: 0.82436 | P93: 0.76005 | Q93: 0.79797 | R93: 0.84682 | S93: 0.89553 | T93: 0.82058 | U93: 0.85623 | V93: 0.92301 | W93: 0.96797 | X93: 1.09704 | Y93: 1.0509 | Z93: 1.09842 | AA93: 1.12109 | AB93: 1.23308 | AC93: 1.267 | AD93: 1.14249 | AE93: 1.29064 | AF93: 1.34383 | AG93: 1.42265 | AH93: 1.42004 | AI93: 1.43438 | AJ93: 1.30802 | AK93: 1.51264 | AL93: 1.66024 | AM93: 1.4967 | AN93: 1.71964 | AO93: 1.81307 | AP93: 1.64018 | AQ93: 1.86053 | AR93: 1.8985 | AS93: 1.93769 | AT93: 1.89578 | AU93: 1.84436 | AV93: 2.31352 | AW93: 2.3287 | AX93: 2.35705 | AY93: 2.37436 | AZ93: 2.3966 | BA93: 2.43459 | BB93: 2.46225 | BC93: 2.50337 | BD93: 2.3991 | BE93: 2.58892 | BF93: 2.58282 | BG93: 2.57338 | BH93: 2.56943 | BI93: 2.55744 | BJ93: 2.56405 | BK93: 2.55284 | BL93: 2.54252 | BM93: 2.54203 | BN93: 2.48332 | BO93: 2.53156 | BP93: 2.53158 | BQ93: 2.5316 | BR93: 2.53162 | BS93: 2.52664 | BV93: 2.52168 | BW93: 2.52274 | BX93: 2.51942 | BY93: 2.51174 | BZ93: 2.51175 | CA93: 2.51177 | CB93: 2.51283 | CC93: 2.51284 | CD93: 2.50213 | CE93: 2.50215 | CF93: 2.50148 | CG93: 2.5015 | CH93: 2.49886 | CI93: 2.49293 | CJ93: 2.4919 | CK93: 2.49191 | CL93: 2.49193 | CM93: 2.49194 | CN93: 2.48945 | CO93: 2.49445 | CP93: 2.48197 | CR93: 2.48946 | CS93: 2.48947 | CT93: 2.48948 | CU93: 2.48949 | CV93: 2.48461 | CW93: 2.48462 | CX93: 2.48212 | CY93: 2.47715 | CZ93: 2.47465 | DA93: 2.47466
A94: 42138 | D94: 0.47241 | E94: 0.68424 | F94: 0.71716 | G94: 0.74712 | H94: 0.71633 | I94: 0.73351 | J94: 0.77036 | K94: 0.75609 | L94: 0.7642 | M94: 0.70225 | N94: 0.8445 | O94: 0.80567 | P94: 0.73819 | Q94: 0.77689 | R94: 0.84404 | S94: 0.88569 | T94: 0.79956 | U94: 0.83365 | V94: 0.90014 | W94: 0.95149 | X94: 1.07187 | Y94: 1.02294 | Z94: 1.0707 | AA94: 1.08839 | AB94: 1.20466 | AC94: 1.22712 | AD94: 1.11229 | AE94: 1.26049 | AF94: 1.31301 | AG94: 1.39695 | AH94: 1.39465 | AI94: 1.40901 | AJ94: 1.2706 | AK94: 1.48616 | AL94: 1.64 | AM94: 1.46887 | AN94: 1.69477 | AO94: 1.792 | AP94: 1.63376 | AQ94: 1.83946 | AR94: 1.87963 | AS94: 1.91844 | AT94: 1.87637 | AU94: 1.82759 | AV94: 2.30159 | AW94: 2.31506 | AX94: 2.34226 | AY94: 2.35173 | AZ94: 2.3799 | BA94: 2.42101 | BB94: 2.4525 | BC94: 2.49298 | BD94: 2.38741 | BE94: 2.5827 | BF94: 2.58147 | BG94: 2.55906 | BH94: 2.5602 | BI94: 2.53464 | BJ94: 2.56334 | BK94: 2.53816 | BL94: 2.5414 | BM94: 2.54842 | BN94: 2.4771 | BO94: 2.5317 | BP94: 2.52972 | BQ94: 2.52148 | BR94: 2.5215 | BS94: 2.52052 | BV94: 2.51156 | BW94: 2.51519 | BX94: 2.5066 | BY94: 2.49857 | BZ94: 2.50363 | CA94: 2.4986 | CB94: 2.50527 | CC94: 2.50529 | CD94: 2.49319 | CE94: 2.4932 | CF94: 2.49669 | CG94: 2.4899 | CH94: 2.4887 | CI94: 2.48738 | CJ94: 2.49078 | CK94: 2.4888 | CL94: 2.49081 | CM94: 2.48385 | CN94: 2.48336 | CO94: 2.48634 | CP94: 2.47389 | CR94: 2.47936 | CS94: 2.47937 | CT94: 2.4927 | CU94: 2.47939 | CV94: 2.48772 | CW94: 2.48773 | CX94: 2.48774 | CY94: 2.47045 | CZ94: 2.46594 | DA94: 2.46595
A95: 42139 | D95: 0.45599 | E95: 0.68387 | F95: 0.71178 | G95: 0.73722 | H95: 0.67582 | I95: 0.73345 | J95: 0.76212 | K95: 0.72719 | L95: 0.74443 | M95: 0.67968 | N95: 0.83277 | O95: 0.79168 | P95: 0.71667 | Q95: 0.75418 | R95: 0.81757 | S95: 0.84829 | T95: 0.7641 | U95: 0.80625 | V95: 0.87363 | W95: 0.91856 | X95: 0.99851 | Y95: 0.96992 | Z95: 1.03071 | AA95: 1.03096 | AB95: 1.13169 | AC95: 1.16608 | AD95: 1.04512 | AE95: 1.19101 | AF95: 1.24441 | AG95: 1.34097 | AH95: 1.31965 | AI95: 1.33528 | AJ95: 1.2031 | AK95: 1.43115 | AL95: 1.55063 | AM95: 1.37901 | AN95: 1.60476 | AO95: 1.70387 | AP95: 1.53828 | AQ95: 1.75132 | AR95: 1.78849 | AS95: 1.83256 | AT95: 1.77379 | AU95: 1.73707 | AV95: 2.2134 | AW95: 2.22915 | AX95: 2.25555 | AY95: 2.2752 | AZ95: 2.29909 | BA95: 2.34315 | BB95: 2.36843 | BC95: 2.41547 | BD95: 2.31411 | BE95: 2.51758 | BF95: 2.49774 | BG95: 2.48278 | BH95: 2.46233 | BI95: 2.45236 | BJ95: 2.46786 | BK95: 2.45789 | BL95: 2.45292 | BM95: 2.45793 | BN95: 2.38856 | BO95: 2.46381 | BP95: 2.46383 | BQ95: 2.45886 | BR95: 2.45888 | BS95: 2.4539 | BV95: 2.44394 | BW95: 2.43535 | BX95: 2.43203 | BY95: 2.42401 | BZ95: 2.42402 | CA95: 2.42404 | CB95: 2.42543 | CC95: 2.42544 | CD95: 2.41156 | CE95: 2.41157 | CF95: 2.41368 | CG95: 2.40827 | CH95: 2.40829 | CI95: 2.40887 | CJ95: 2.40917 | CK95: 2.40918 | CL95: 2.40919 | CM95: 2.4092 | CN95: 2.40672 | CO95: 2.40673 | CP95: 2.40423 | CR95: 2.40175 | CS95: 2.40176 | CT95: 2.41241 | CU95: 2.40178 | CV95: 2.40743 | CW95: 2.40744 | CX95: 2.40745 | CY95: 2.39081 | CZ95: 2.40246 | DA95: 2.40247 | DB95: 2.29485
A96: 42143 | D96: 0.55606 | E96: 0.69346 | F96: 0.73086 | G96: 0.72283 | H96: 0.6853 | I96: 0.71638 | J96: 0.78048 | K96: 0.77308 | L96: 0.78296 | M96: 0.72841 | N96: 0.8599 | O96: 0.84202 | P96: 0.76389 | Q96: 0.80184 | R96: 0.84958 | S96: 0.89904 | T96: 0.82144 | U96: 0.85908 | V96: 0.92635 | W96: 0.97578 | X96: 1.0994 | Y96: 1.04843 | Z96: 1.09894 | AA96: 1.11636 | AB96: 1.23303 | AC96: 1.26665 | AD96: 1.14459 | AE96: 1.31361 | AF96: 1.34454 | AG96: 1.43485 | AH96: 1.42875 | AI96: 1.44299 | AJ96: 1.30567 | AK96: 1.52848 | AL96: 1.65614 | AM96: 1.48077 | AN96: 1.71683 | AO96: 1.81571 | AP96: 1.65426 | AQ96: 1.86311 | AR96: 1.90463 | AS96: 1.94039 | AT96: 1.92593 | AU96: 1.85632 | AV96: 2.32731 | AW96: 2.33825 | AX96: 2.36382 | AY96: 2.37826 | AZ96: 2.40668 | BA96: 2.43964 | BB96: 2.4714 | BC96: 2.51018 | BD96: 2.41035 | BE96: 2.60888 | BF96: 2.59544 | BG96: 2.58047 | BH96: 2.56098 | BI96: 2.551 | BJ96: 2.565 | BK96: 2.55502 | BL96: 2.55004 | BM96: 2.55504 | BN96: 2.48913 | BO96: 2.54505 | BP96: 2.54506 | BQ96: 2.5562 | BR96: 2.55621 | BS96: 2.55122 | BV96: 2.54124 | BW96: 2.53322 | BX96: 2.5299 | BY96: 2.52656 | BZ96: 2.52657 | CA96: 2.52658 | CB96: 2.52018 | CC96: 2.52019 | CD96: 2.50852 | CE96: 2.50853 | CF96: 2.50854 | CG96: 2.50521 | CH96: 2.50622 | CI96: 2.50665 | CJ96: 2.50837 | CK96: 2.50838 | CL96: 2.50839 | CM96: 2.50839 | CN96: 2.5059 | CO96: 2.5059 | CP96: 2.50341 | CR96: 2.50091 | CS96: 2.50929 | CT96: 2.50929 | CU96: 2.50093 | CV96: 2.49541 | CW96: 2.49542 | CX96: 2.49292 | CY96: 2.48793 | CZ96: 2.47534 | DA96: 2.47535 | DB96: 2.38546
A97: 42144 | D97: 0.47932 | E97: 0.67943 | F97: 0.71231 | G97: 0.73379 | H97: 0.77801 | I97: 0.71126 | J97: 0.77464 | K97: 0.7625 | L97: 0.76969 | M97: 0.71301 | N97: 0.85307 | O97: 0.80809 | P97: 0.74511 | Q97: 0.78335 | R97: 0.83198 | S97: 0.86148 | T97: 0.796 | U97: 0.83302 | V97: 0.90168 | W97: 0.94471 | X97: 1.07373 | Y97: 1.02146 | Z97: 1.08215 | AA97: 1.0975 | AB97: 1.20475 | AC97: 1.23013 | AD97: 1.11434 | AE97: 1.26499 | AF97: 1.30748 | AG97: 1.40944 | AH97: 1.40426 | AI97: 1.41761 | AJ97: 1.29259 | AK97: 1.5032 | AL97: 1.62645 | AM97: 1.46279 | AN97: 1.69169 | AO97: 1.78902 | AP97: 1.62688 | AQ97: 1.83442 | AR97: 1.87624 | AS97: 1.90914 | AT97: 1.89742 | AU97: 1.82855 | AV97: 2.30041 | AW97: 2.3121 | AX97: 2.32838 | AY97: 2.35429 | AZ97: 2.37916 | BA97: 2.41224 | BB97: 2.44189 | BC97: 2.48263 | BD97: 2.39015 | BE97: 2.58227 | BF97: 2.56709 | BG97: 2.54928 | BH97: 2.54163 | BI97: 2.52302 | BJ97: 2.53549 | BK97: 2.50806 | BL97: 2.52056 | BM97: 2.53996 | BN97: 2.46281 | BO97: 2.51558 | BP97: 2.49814 | BQ97: 2.53002 | BR97: 2.53004 | BS97: 2.52505 | BV97: 2.50158 | BW97: 2.50414 | BX97: 2.49662 | BY97: 2.48918 | BZ97: 2.48919 | CA97: 2.4892 | CB97: 2.49173 | CC97: 2.49175 | CD97: 2.48683 | CE97: 2.48685 | CF97: 2.48828 | CG97: 2.48187 | CH97: 2.48164 | CI97: 2.47689 | CJ97: 2.47341 | CK97: 2.47342 | CL97: 2.47343 | CM97: 2.47344 | CN97: 2.47533 | CO97: 2.47433 | CP97: 2.47184 | CR97: 2.46935 | CS97: 2.46936 | CT97: 2.46937 | CU97: 2.46938 | CV97: 2.4755 | CW97: 2.47551 | CX97: 2.47551 | CY97: 2.47052 | CZ97: 2.4599 | DA97: 2.45991 | DB97: 2.36457
A98: 42145 | D98: 0.41214 | E98: 0.67434 | F98: 0.70719 | G98: 0.72445 | H98: 0.7076 | I98: 0.71121 | J98: 0.7693 | K98: 0.74772 | L98: 0.76275 | M98: 0.7043 | N98: 0.8475 | O98: 0.80309 | P98: 0.73621 | Q98: 0.77415 | R98: 0.82328 | S98: 0.86433 | T98: 0.77901 | U98: 0.8157 | V98: 0.88287 | W98: 0.9277 | X98: 1.03949 | Y98: 0.98338 | Z98: 1.03443 | AA98: 1.06022 | AB98: 1.1701 | AC98: 1.2045 | AD98: 1.08057 | AE98: 1.25146 | AF98: 1.28301 | AG98: 1.3701 | AH98: 1.36566 | AI98: 1.37786 | AJ98: 1.2528 | AK98: 1.46347 | AL98: 1.57473 | AM98: 1.39949 | AN98: 1.64203 | AO98: 1.73658 | AP98: 1.56455 | AQ98: 1.78198 | AR98: 1.82498 | AS98: 1.85883 | AT98: 1.85508 | AU98: 1.77568 | AV98: 2.24324 | AW98: 2.25638 | AX98: 2.27994 | AY98: 2.30264 | AZ98: 2.3241 | BA98: 2.35907 | BB98: 2.38887 | BC98: 2.42843 | BD98: 2.33214 | BE98: 2.51863 | BF98: 2.5123 | BG98: 2.49464 | BH98: 2.48815 | BI98: 2.46272 | BJ98: 2.49426 | BK98: 2.46822 | BL98: 2.46326 | BM98: 2.47833 | BN98: 2.40234 | BO98: 2.47435 | BP98: 2.47436 | BQ98: 2.46939 | BR98: 2.4694 | BS98: 2.45192 | BV98: 2.44195 | BW98: 2.44495 | BX98: 2.43699 | BY98: 2.432 | BZ98: 2.43201 | CA98: 2.43202 | CB98: 2.43502 | CC98: 2.43503 | CD98: 2.42553 | CE98: 2.42554 | CF98: 2.4241 | CG98: 2.42057 | CH98: 2.41912 | CI98: 2.41712 | CJ98: 2.41713 | CK98: 2.41714 | CL98: 2.41715 | CM98: 2.41716 | CN98: 2.41467 | CO98: 2.41468 | CP98: 2.41219 | CR98: 2.4097 | CS98: 2.40971 | CT98: 2.40972 | CU98: 2.40972 | CV98: 2.41719 | CW98: 2.4172 | CX98: 2.40473 | CY98: 2.40076 | CZ98: 2.39825 | DA98: 2.39826 | DB98: 2.30429
A99: 42146 | D99: 0.36128 | E99: 0.65498 | F99: 0.64222 | G99: 0.71015 | H99: 0.67508 | I99: 0.71117 | J99: 0.77406 | K99: 0.76501 | L99: 0.78054 | M99: 0.71737 | N99: 0.855 | O99: 0.81002 | P99: 0.74777 | Q99: 0.78562 | R99: 0.85262 | S99: 0.8629 | T99: 0.79082 | U99: 0.82738 | V99: 0.89394 | W99: 0.93893 | X99: 1.05734 | Y99: 1.00491 | Z99: 1.05679 | AA99: 1.08918 | AB99: 1.19088 | AC99: 1.21318 | AD99: 1.10201 | AE99: 1.2525 | AF99: 1.29758 | AG99: 1.39453 | AH99: 1.3911 | AI99: 1.40134 | AJ99: 1.27544 | AK99: 1.49161 | AL99: 1.60293 | AM99: 1.42617 | AN99: 1.66359 | AO99: 1.76188 | AP99: 1.58899 | AQ99: 1.81204 | AR99: 1.8502 | AS99: 1.89363 | AT99: 1.85287 | AU99: 1.79586 | AV99: 2.26065 | AW99: 2.25475 | AX99: 2.29874 | AY99: 2.3215 | AZ99: 2.33455 | BA99: 2.3799 | BB99: 2.39931 | BC99: 2.43896 | BD99: 2.33932 | BE99: 2.52559 | BF99: 2.51692 | BG99: 2.49624 | BH99: 2.48792 | BI99: 2.47795 | BJ99: 2.49722 | BK99: 2.45568 | BL99: 2.46719 | BM99: 2.48229 | BN99: 2.40113 | BO99: 2.46222 | BP99: 2.46224 | BQ99: 2.47235 | BR99: 2.47236 | BS99: 2.45688 | BV99: 2.44692 | BW99: 2.4489 | BX99: 2.44195 | BY99: 2.4346 | BZ99: 2.43462 | CA99: 2.43463 | CB99: 2.43897 | CC99: 2.43898 | CD99: 2.43145 | CE99: 2.43146 | CF99: 2.43169 | CG99: 2.42498 | CH99: 2.42238 | CI99: 2.4224 | CJ99: 2.4221 | CK99: 2.42211 | CL99: 2.42212 | CM99: 2.42213 | CN99: 2.42105 | CO99: 2.41965 | CP99: 2.41116 | CR99: 2.41466 | CS99: 2.40368 | CT99: 2.40369 | CU99: 2.4037 | CV99: 2.42212 | CW99: 2.42213 | CX99: 2.42214 | CY99: 2.39373 | CZ99: 2.40222 | DA99: 2.40222 | DB99: 2.30724
A100: 42149 | D100: 0.4426 | E100: 0.66797 | F100: 0.72021 | G100: 0.73681 | H100: 0.76857 | I100: 0.71721 | J100: 0.77611 | K100: 0.75796 | L100: 0.77693 | M100: 0.71679 | N100: 0.85617 | O100: 0.8121 | P100: 0.74479 | Q100: 0.78216 | R100: 0.82988 | S100: 0.87239 | T100: 0.78866 | U100: 0.8246 | V100: 0.89029 | W100: 0.9407 | X100: 1.05963 | Y100: 1.00804 | Z100: 1.0593 | AA100: 1.09069 | AB100: 1.19502 | AC100: 1.23298 | AD100: 1.1069 | AE100: 1.2771 | AF100: 1.30059 | AG100: 1.39952 | AH100: 1.39634 | AI100: 1.40586 | AJ100: 1.27908 | AK100: 1.4955 | AL100: 1.61472 | AM100: 1.43696 | AN100: 1.6686 | AO100: 1.77067 | AP100: 1.6014 | AQ100: 1.81806 | AR100: 1.86605 | AS100: 1.9009 | AT100: 1.89291 | AU100: 1.80946 | AV100: 2.27616 | AW100: 2.28275 | AX100: 2.32122 | AY100: 2.33247 | AZ100: 2.34849 | BA100: 2.38922 | BB100: 2.41127 | BC100: 2.44529 | BD100: 2.34724 | BE100: 2.53308 | BF100: 2.52506 | BG100: 2.50235 | BH100: 2.49502 | BI100: 2.47705 | BJ100: 2.50667 | BK100: 2.48056 | BL100: 2.47559 | BM100: 2.49171 | BN100: 2.40886 | BO100: 2.48672 | BP100: 2.48673 | BQ100: 2.48174 | BR100: 2.48175 | BS100: 2.47676 | BV100: 2.45628 | BW100: 2.45792 | BX100: 2.45131 | BY100: 2.44631 | BZ100: 2.44632 | CA100: 2.44632 | CB100: 2.44796 | CC100: 2.44797 | CD100: 2.43524 | CE100: 2.43525 | CF100: 2.43933 | CG100: 2.43193 | CH100: 2.43188 | CI100: 2.43135 | CJ100: 2.4314 | CK100: 2.4314 | CL100: 2.43141 | CM100: 2.43141 | CN100: 2.42892 | CO100: 2.42892 | CP100: 2.42643 | CR100: 2.42393 | CS100: 2.42394 | CT100: 2.42394 | CU100: 2.42395 | CV100: 2.43085 | CW100: 2.43085 | CX100: 2.43086 | CY100: 2.41446 | CZ100: 2.41196 | DA100: 2.41196 | DB100: 2.31646
A101: 42150 | D101: 0.4011 | E101: 0.66291 | F101: 0.71339 | G101: 0.71767 | H101: 0.69601 | I101: 0.71124 | J101: 0.765 | K101: 0.74007 | L101: 0.76003 | M101: 0.6898 | N101: 0.84253 | O101: 0.7967 | P101: 0.71534 | Q101: 0.75339 | R101: 0.81993 | S101: 0.82995 | T101: 0.75265 | U101: 0.79031 | V101: 0.85866 | W101: 0.90068 | X101: 1.00445 | Y101: 0.94371 | Z101: 0.99382 | AA101: 1.03153 | AB101: 1.13062 | AC101: 1.16907 | AD101: 1.04312 | AE101: 1.21094 | AF101: 1.23549 | AG101: 1.3282 | AH101: 1.32493 | AI101: 1.33854 | AJ101: 1.19737 | AK101: 1.42597 | AL101: 1.53023 | AM101: 1.34577 | AN101: 1.58946 | AO101: 1.68134 | AP101: 1.51093 | AQ101: 1.72873 | AR101: 1.77844 | AS101: 1.82075 | AT101: 1.80454 | AU101: 1.72504 | AV101: 2.19614 | AW101: 2.20152 | AX101: 2.23514 | AY101: 2.26125 | AZ101: 2.26753 | BA101: 2.31133 | BB101: 2.33306 | BC101: 2.36605 | BD101: 2.26882 | BE101: 2.45548 | BF101: 2.44135 | BG101: 2.42475 | BH101: 2.41609 | BI101: 2.40611 | BJ101: 2.42554 | BK101: 2.38282 | BL101: 2.39431 | BM101: 2.41058 | BN101: 2.32903 | BO101: 2.38932 | BP101: 2.38933 | BQ101: 2.40061 | BR101: 2.40062 | BS101: 2.39563 | BV101: 2.37515 | BW101: 2.37674 | BX101: 2.37018 | BY101: 2.36244 | BZ101: 2.36244 | CA101: 2.36245 | CB101: 2.36433 | CC101: 2.36434 | CD101: 2.35848 | CE101: 2.35849 | CF101: 2.35949 | CG101: 2.35199 | CH101: 2.35016 | CI101: 2.34949 | CJ101: 2.34802 | CK101: 2.34803 | CL101: 2.34803 | CM101: 2.34804 | CN101: 2.3468 | CO101: 2.34779 | CP101: 2.33932 | CR101: 2.3428 | CS101: 2.33183 | CT101: 2.33183 | CU101: 2.33184 | CV101: 2.34956 | CW101: 2.34957 | CX101: 2.34957 | CY101: 2.33333 | CZ101: 2.33082 | DA101: 2.34458 | DB101: 2.23586
A102: 42151 | D102: 0.35726 | E102: 0.65797 | F102: 0.71693 | G102: 0.72403 | H102: 0.65811 | I102: 0.70603 | J102: 0.75702 | K102: 0.72972 | L102: 0.7478 | M102: 0.67693 | N102: 0.83328 | O102: 0.78653 | P102: 0.69684 | Q102: 0.73502 | R102: 0.78332 | S102: 0.82516 | T102: 0.72766 | U102: 0.76457 | V102: 0.83433 | W102: 0.87566 | X102: 0.97579 | Y102: 0.91612 | Z102: 0.96717 | AA102: 1.00497 | AB102: 1.10073 | AC102: 1.13791 | AD102: 1.01339 | AE102: 1.16036 | AF102: 1.20473 | AG102: 1.29659 | AH102: 1.29379 | AI102: 1.30742 | AJ102: 1.16631 | AK102: 1.39469 | AL102: 1.50377 | AM102: 1.3391 | AN102: 1.55795 | AO102: 1.6496 | AP102: 1.48976 | AQ102: 1.69702 | AR102: 1.74835 | AS102: 1.78842 | AT102: 1.77486 | AU102: 1.69285 | AV102: 2.16215 | AW102: 2.16842 | AX102: 2.20228 | AY102: 2.22696 | AZ102: 2.23572 | BA102: 2.28102 | BB102: 2.29845 | BC102: 2.32954 | BD102: 2.23113 | BE102: 2.40749 | BF102: 2.39752 | BG102: 2.39388 | BH102: 2.37923 | BI102: 2.37064 | BJ102: 2.37427 | BK102: 2.36762 | BL102: 2.36099 | BM102: 2.35598 | BN102: 2.29337 | BO102: 2.35768 | BP102: 2.3577 | BQ102: 2.35439 | BR102: 2.35907 | BS102: 2.34606 | BV102: 2.3361 | BW102: 2.33781 | BX102: 2.33112 | BY102: 2.32517 | BZ102: 2.32519 | CA102: 2.3252 | CB102: 2.32618 | CC102: 2.32619 | CD102: 2.3223 | CE102: 2.32232 | CF102: 2.31925 | CG102: 2.31624 | CH102: 2.31332 | CI102: 2.31236 | CJ102: 2.31434 | CK102: 2.31435 | CL102: 2.31436 | CM102: 2.31437 | CN102: 2.31438 | CO102: 2.30284 | CP102: 2.30035 | CR102: 2.29287 | CS102: 2.30036 | CT102: 2.29289 | CU102: 2.29289 | CV102: 2.31394 | CW102: 2.31395 | CX102: 2.29794 | CY102: 2.28292 | CZ102: 2.28989 | DA102: 2.2899 | DB102: 2.2018
A103: 42152 | D103: -0.005 | E103: 0.65759 | F103: 0.59031 | G103: 0.71347 | H103: 0.63821 | I103: 0.70598 | J103: 0.74909 | K103: 0.72204 | L103: 0.74284 | M103: 0.66536 | N103: 0.82736 | O103: 0.79398 | P103: 0.68328 | Q103: 0.72139 | R103: 0.78729 | S103: 0.81107 | T103: 0.71369 | U103: 0.75125 | V103: 0.82126 | W103: 0.86306 | X103: 0.96076 | Y103: 0.90167 | Z103: 0.95148 | AA103: 0.98308 | AB103: 1.08468 | AC103: 1.12172 | AD103: 0.99522 | AE103: 1.14531 | AF103: 1.2029 | AG103: 1.2803 | AH103: 1.27687 | AI103: 1.28967 | AJ103: 1.15007 | AK103: 1.37692 | AL103: 1.48465 | AM103: 1.309 | AN103: 1.54459 | AO103: 1.63764 | AP103: 1.4678 | AQ103: 1.68506 | AR103: 1.733 | AS103: 1.77557 | AT103: 1.76282 | AU103: 1.68113 | AV103: 2.15513 | AW103: 2.15869 | AX103: 2.19748 | AY103: 2.2302 | AZ103: 2.24109 | BA103: 2.27481 | BB103: 2.29237 | BC103: 2.32813 | BD103: 2.21829 | BE103: 2.40187 | BF103: 2.39191 | BG103: 2.38695 | BH103: 2.37592 | BI103: 2.36857 | BJ103: 2.36735 | BK103: 2.3607 | BL103: 2.35406 | BM103: 2.34903 | BN103: 2.28918 | BO103: 2.34976 | BP103: 2.34978 | BQ103: 2.34646 | BR103: 2.34648 | BS103: 2.33762 | BV103: 2.32485 | BW103: 2.32767 | BX103: 2.32427 | BY103: 2.31823 | BZ103: 2.31824 | CA103: 2.31825 | CB103: 2.31933 | CC103: 2.31934 | CD103: 2.31529 | CE103: 2.3153 | CF103: 2.31191 | CG103: 2.30668 | CH103: 2.30693 | CI103: 2.30776 | CJ103: 2.30942 | CK103: 2.30943 | CL103: 2.30944 | CM103: 2.30945 | CN103: 2.30945 | CO103: 2.30446 | CP103: 2.30447 | CR103: 2.29947 | CS103: 2.29948 | CT103: 2.29948 | CU103: 2.29949 | CV103: 2.29301 | CW103: 2.29302 | CX103: 2.29302 | CY103: 2.28806 | CZ103: 2.28544 | DA103: 2.28544 | DB103: 2.19298
A104: 42153 | D104: 0.11754 | E104: 0.65721 | F104: 0.67574 | G104: 0.68452 | H104: 0.60481 | I104: 0.70102 | J104: 0.70235 | K104: 0.69588 | L104: 0.72205 | M104: 0.62981 | N104: 0.79923 | O104: 0.76762 | P104: 0.63244 | Q104: 0.67033 | R104: 0.7361 | S104: 0.75875 | T104: 0.66206 | U104: 0.69958 | V104: 0.77122 | W104: 0.81078 | X104: 0.88005 | Y104: 0.84034 | Z104: 0.89236 | AA104: 0.92913 | AB104: 1.02315 | AC104: 1.04971 | AD104: 0.93899 | AE104: 1.10348 | AF104: 1.14084 | AG104: 1.22192 | AH104: 1.21899 | AI104: 1.23157 | AJ104: 1.10077 | AK104: 1.31913 | AL104: 1.43771 | AM104: 1.25041 | AN104: 1.50274 | AO104: 1.59431 | AP104: 1.43244 | AQ104: 1.64523 | AR104: 1.68882 | AS104: 1.72251 | AT104: 1.72152 | AU104: 1.63891 | AV104: 2.10851 | AW104: 2.12224 | AX104: 2.1536 | AY104: 2.17314 | AZ104: 2.18943 | BA104: 2.22408 | BB104: 2.2494 | BC104: 2.28264 | BD104: 2.18841 | BE104: 2.36943 | BF104: 2.35441 | BG104: 2.35018 | BH104: 2.33952 | BI104: 2.3324 | BJ104: 2.32996 | BK104: 2.31902 | BL104: 2.31667 | BM104: 2.3112 | BN104: 2.24905 | BO104: 2.31237 | BP104: 2.31238 | BQ104: 2.30475 | BR104: 2.30477 | BS104: 2.29979 | BV104: 2.28802 | BW104: 2.28983 | BX104: 2.28752 | BY104: 2.28139 | BZ104: 2.2814 | CA104: 2.28142 | CB104: 2.28143 | CC104: 2.28144 | CD104: 2.27854 | CE104: 2.27855 | CF104: 2.2726 | CG104: 2.26928 | CH104: 2.26933 | CI104: 2.27108 | CJ104: 2.27265 | CK104: 2.27266 | CL104: 2.27267 | CM104: 2.27268 | CN104: 2.27269 | CO104: 2.2677 | CP104: 2.26771 | CR104: 2.26271 | CS104: 2.26272 | CT104: 2.26273 | CU104: 2.26273 | CV104: 2.26995 | CW104: 2.26995 | CX104: 2.25685 | CY104: 2.25188 | CZ104: 2.24687 | DA104: 2.24687 | DB104: 2.15801
A105: 42156 | E105: 0.65283 | F105: 0.7041 | G105: 0.72014 | H105: 0.61697 | I105: 0.70613 | J105: 0.74209 | K105: 0.70746 | L105: 0.72321 | M105: 0.62916 | N105: 0.80447 | O105: 0.76615 | P105: 0.63107 | Q105: 0.66926 | R105: 0.73531 | S105: 0.7585 | T105: 0.66302 | U105: 0.6999 | V105: 0.76722 | W105: 0.81176 | X105: 0.91399 | Y105: 0.85841 | Z105: 0.90944 | AA105: 0.94304 | AB105: 1.03925 | AC105: 1.07806 | AD105: 0.95997 | AE105: 1.10093 | AF105: 1.14902 | AG105: 1.23969 | AH105: 1.23627 | AI105: 1.25113 | AJ105: 1.10925 | AK105: 1.33857 | AL105: 1.45358 | AM105: 1.26359 | AN105: 1.50744 | AO105: 1.61338 | AP105: 1.44198 | AQ105: 1.6638 | AR105: 1.70791 | AS105: 1.75128 | AT105: 1.73776 | AU105: 1.65487 | AV105: 2.13062 | AW105: 2.13918 | AX105: 2.17401 | AY105: 2.20046 | AZ105: 2.20576 | BA105: 2.25759 | BB105: 2.27382 | BC105: 2.31546 | BD105: 2.20964 | BE105: 2.38793 | BF105: 2.37796 | BG105: 2.37464 | BH105: 2.35998 | BI105: 2.35151 | BJ105: 2.35501 | BK105: 2.34835 | BL105: 2.3417 | BM105: 2.33661 | BN105: 2.27307 | BO105: 2.33738 | BP105: 2.33739 | BQ105: 2.33407 | BR105: 2.33408 | BS105: 2.32516 | BV105: 2.31518 | BW105: 2.31519 | BX105: 2.30813 | BY105: 2.30481 | BZ105: 2.30482 | CA105: 2.30483 | CB105: 2.30484 | CC105: 2.30484 | CD105: 2.30354 | CE105: 2.30355 | CF105: 2.29904 | CG105: 2.2942 | CH105: 2.29405 | CI105: 2.29407 | CJ105: 2.29506 | CK105: 2.29507 | CL105: 2.29508 | CM105: 2.29508 | CN105: 2.29509 | CO105: 2.28185 | CP105: 2.29009 | CR105: 2.28508 | CS105: 2.27187 | CT105: 2.27187 | CU105: 2.27187 | CV105: 2.26438 | CW105: 2.26439 | CX105: 2.27862 | CY105: 2.27365 | CZ105: 2.27194 | DA105: 2.27194 | DB105: 2.17942
A106: 42157 | E106: 0.65258 | F106: 0.69735 | G106: 0.72458 | H106: 0.64173 | I106: 0.70115 | J106: 0.74933 | K106: 0.72324 | L106: 0.7391 | M106: 0.65019 | N106: 0.81871 | O106: 0.78018 | P106: 0.65773 | Q106: 0.69501 | R106: 0.76292 | S106: 0.78554 | T106: 0.69462 | U106: 0.73067 | V106: 0.7987 | W106: 0.84171 | X106: 0.96766 | Y106: 0.91601 | Z106: 0.96908 | AA106: 1.00698 | AB106: 1.10111 | AC106: 1.13149 | AD106: 1.01784 | AE106: 1.18218 | AF106: 1.21087 | AG106: 1.30215 | AH106: 1.2992 | AI106: 1.3144 | AJ106: 1.18204 | AK106: 1.40167 | AL106: 1.5268 | AM106: 1.33568 | AN106: 1.58066 | AO106: 1.69534 | AP106: 1.52395 | AQ106: 1.74628 | AR106: 1.79652 | AS106: 1.83695 | AT106: 1.82324 | AU106: 1.73908 | AV106: 2.21612 | AW106: 2.22052 | AX106: 2.26399 | AY106: 2.27854 | AZ106: 2.29919 | BA106: 2.33252 | BB106: 2.35241 | BC106: 2.38744 | BD106: 2.28712 | BE106: 2.46212 | BF106: 2.44677 | BG106: 2.44179 | BH106: 2.43216 | BI106: 2.41999 | BJ106: 2.42408 | BK106: 2.41198 | BL106: 2.41077 | BM106: 2.40523 | BN106: 2.34281 | BO106: 2.40612 | BP106: 2.40613 | BQ106: 2.40281 | BR106: 2.40282 | BS106: 2.39329 | BV106: 2.38331 | BW106: 2.38332 | BX106: 2.37629 | BY106: 2.37296 | BZ106: 2.37297 | CA106: 2.37298 | CB106: 2.37299 | CC106: 2.37299 | CD106: 2.37293 | CE106: 2.37294 | CF106: 2.36961 | CG106: 2.36295 | CH106: 2.36218 | CI106: 2.36222 | CJ106: 2.3623 | CK106: 2.3623 | CL106: 2.36231 | CM106: 2.36231 | CN106: 2.36232 | CO106: 2.35094 | CP106: 2.34844 | CR106: 2.35232 | CS106: 2.34096 | CT106: 2.34097 | CU106: 2.34097 | CV106: 2.34806 | CW106: 2.34807 | CX106: 2.34732 | CY106: 2.33099 | CZ106: 2.34056 | DA106: 2.34056 | DB106: 2.24851
A107: 42158 | E107: 0.63722 | F107: 0.67033 | G107: 0.69194 | H107: 0.64374 | I107: 0.69587 | J107: 0.75064 | K107: 0.75061 | L107: 0.74075 | M107: 0.66419 | N107: 0.83615 | O107: 0.82179 | P107: 0.69543 | Q107: 0.71746 | R107: 0.78725 | S107: 0.81028 | T107: 0.72788 | U107: 0.76429 | V107: 0.82937 | W107: 0.87942 | X107: 1.00624 | Y107: 0.95709 | Z107: 1.0087 | AA107: 1.04742 | AB107: 1.15093 | AC107: 1.19309 | AD107: 1.07128 | AE107: 1.23529 | AF107: 1.27484 | AG107: 1.35855 | AH107: 1.35431 | AI107: 1.37293 | AJ107: 1.22568 | AK107: 1.46111 | AL107: 1.59505 | AM107: 1.39839 | AN107: 1.65576 | AO107: 1.76629 | AP107: 1.60069 | AQ107: 1.81674 | AR107: 1.86961 | AS107: 1.91113 | AT107: 1.89896 | AU107: 1.81212 | AV107: 2.28909 | AW107: 2.2942 | AX107: 2.333 | AY107: 2.35005 | AZ107: 2.36448 | BA107: 2.40692 | BB107: 2.42641 | BC107: 2.45954 | BD107: 2.36688 | BE107: 2.53574 | BF107: 2.51979 | BG107: 2.51126 | BH107: 2.50589 | BI107: 2.49264 | BJ107: 2.50648 | BK107: 2.48605 | BL107: 2.486 | BM107: 2.48044 | BN107: 2.42005 | BO107: 2.48136 | BP107: 2.48138 | BQ107: 2.4846 | BR107: 2.48461 | BS107: 2.46853 | BV107: 2.45856 | BW107: 2.4615 | BX107: 2.45359 | BY107: 2.44679 | BZ107: 2.44681 | CA107: 2.44682 | CB107: 2.44683 | CC107: 2.44684 | CD107: 2.44534 | CE107: 2.44535 | CF107: 2.44269 | CG107: 2.44096 | CH107: 2.43639 | CI107: 2.43429 | CJ107: 2.43274 | CK107: 2.43275 | CL107: 2.43276 | CM107: 2.43277 | CN107: 2.43434 | CO107: 2.42529 | CP107: 2.4228 | CR107: 2.4263 | CS107: 2.41533 | CT107: 2.41533 | CU107: 2.41534 | CV107: 2.42382 | CW107: 2.42383 | CX107: 2.42132 | CY107: 2.40537 | CZ107: 2.41545 | DA107: 2.41545 | DB107: 2.3195
A108: 42159 | E108: 0.6217 | F108: 0.65365 | G108: 0.67808 | H108: 0.60129 | I108: 0.67129 | J108: 0.70331 | K108: 0.71257 | L108: 0.71502 | M108: 0.63094 | N108: 0.79042 | O108: 0.7823 | P108: 0.65841 | Q108: 0.68084 | R108: 0.7499 | S108: 0.77355 | T108: 0.68623 | U108: 0.7222 | V108: 0.7888 | W108: 0.83841 | X108: 0.95971 | Y108: 0.90887 | Z108: 0.9594 | AA108: 0.99767 | AB108: 1.09618 | AC108: 1.13811 | AD108: 1.01253 | AE108: 1.18127 | AF108: 1.22076 | AG108: 1.3068 | AH108: 1.30359 | AI108: 1.32075 | AJ108: 1.18557 | AK108: 1.40916 | AL108: 1.54175 | AM108: 1.357 | AN108: 1.60305 | AO108: 1.71426 | AP108: 1.54907 | AQ108: 1.76461 | AR108: 1.817 | AS108: 1.85764 | AT108: 1.84503 | AU108: 1.75868 | AV108: 2.238 | AW108: 2.24356 | AX108: 2.28872 | AY108: 2.29881 | AZ108: 2.3194 | BA108: 2.35275 | BB108: 2.38036 | BC108: 2.42002 | BD108: 2.32474 | BE108: 2.48978 | BF108: 2.47517 | BG108: 2.47285 | BH108: 2.45755 | BI108: 2.44962 | BJ108: 2.45425 | BK108: 2.4476 | BL108: 2.44097 | BM108: 2.43497 | BN108: 2.37469 | BO108: 2.437 | BP108: 2.43701 | BQ108: 2.43902 | BR108: 2.43903 | BS108: 2.42406 | BV108: 2.41409 | BW108: 2.41411 | BX108: 2.40648 | BY108: 2.40317 | BZ108: 2.40318 | CA108: 2.40319 | CB108: 2.4032 | CC108: 2.40322 | CD108: 2.40323 | CE108: 2.40324 | CF108: 2.39823 | CG108: 2.39393 | CH108: 2.39332 | CI108: 2.39267 | CJ108: 2.39235 | CK108: 2.39236 | CL108: 2.39236 | CM108: 2.39237 | CN108: 2.39238 | CO108: 2.38082 | CP108: 2.37833 | CR108: 2.37085 | CS108: 2.37086 | CT108: 2.37087 | CU108: 2.37088 | CV108: 2.39344 | CW108: 2.39345 | CX108: 2.37711 | CY108: 2.36091 | CZ108: 2.37087 | DA108: 2.37087 | DB108: 2.27447
A109: 42160 | E109: 0.6307 | F109: 0.66343 | G109: 0.68611 | H109: 0.63029 | I109: 0.68106 | J109: 0.76023 | K109: 0.75898 | L109: 0.75753 | M109: 0.68419 | N109: 0.85034 | O109: 0.83595 | P109: 0.72241 | Q109: 0.7526 | R109: 0.81342 | S109: 0.83708 | T109: 0.7544 | U109: 0.79017 | V109: 0.85654 | W109: 0.90169 | X109: 1.03538 | Y109: 0.99094 | Z109: 1.04137 | AA109: 1.07024 | AB109: 1.17653 | AC109: 1.22066 | AD109: 1.10203 | AE109: 1.25536 | AF109: 1.2941 | AG109: 1.39456 | AH109: 1.39299 | AI109: 1.40488 | AJ109: 1.2741 | AK109: 1.4945 | AL109: 1.63499 | AM109: 1.43541 | AN109: 1.69507 | AO109: 1.81074 | AP109: 1.64165 | AQ109: 1.85713 | AR109: 1.91129 | AS109: 1.94753 | AT109: 1.95741 | AU109: 1.8477 | AV109: 2.32059 | AW109: 2.32432 | AX109: 2.36813 | AY109: 2.38681 | AZ109: 2.40732 | BA109: 2.43488 | BB109: 2.45431 | BC109: 2.48861 | BD109: 2.39 | BE109: 2.55172 | BF109: 2.53711 | BG109: 2.53413 | BH109: 2.51882 | BI109: 2.51055 | BJ109: 2.51453 | BK109: 2.50788 | BL109: 2.50125 | BM109: 2.49542 | BN109: 2.4293 | BO109: 2.49694 | BP109: 2.49696 | BQ109: 2.49365 | BR109: 2.49367 | BS109: 2.48401 | BV109: 2.47405 | BW109: 2.47406 | BX109: 2.46709 | BY109: 2.46378 | BZ109: 2.46379 | CA109: 2.46381 | CB109: 2.46382 | CC109: 2.46383 | CD109: 2.46384 | CE109: 2.46385 | CF109: 2.46053 | CG109: 2.45388 | CH109: 2.45326 | CI109: 2.45327 | CJ109: 2.45328 | CK109: 2.45329 | CL109: 2.4533 | CM109: 2.45331 | CN109: 2.45332 | CO109: 2.44178 | CP109: 2.43928 | CR109: 2.43181 | CS109: 2.43897 | CT109: 2.43898 | CU109: 2.43899 | CV109: 2.43807 | CW109: 2.43808 | CX109: 2.43686 | CY109: 2.42186 | CZ109: 2.42783 | DA109: 2.42784 | DB109: 2.3334
A110: 42163 | E110: 0.65003 | F110: 0.67655 | G110: 0.70142 | H110: 0.74312 | I110: 0.69603 | J110: 0.76483 | K110: 0.76115 | L110: 0.75691 | M110: 0.68151 | N110: 0.85006 | O110: 0.81727 | P110: 0.72048 | Q110: 0.74886 | R110: 0.8075 | S110: 0.83083 | T110: 0.74521 | U110: 0.78326 | V110: 0.8504 | W110: 0.90094 | X110: 1.02566 | Y110: 0.97757 | Z110: 1.02894 | AA110: 1.07049 | AB110: 1.16542 | AC110: 1.20994 | AD110: 1.07843 | AE110: 1.25324 | AF110: 1.29162 | AG110: 1.38449 | AH110: 1.38 | AI110: 1.39573 | AJ110: 1.24896 | AK110: 1.48412 | AL110: 1.62607 | AM110: 1.42043 | AN110: 1.6821 | AO110: 1.79991 | AP110: 1.62762 | AQ110: 1.84625 | AR110: 1.90353 | AS110: 1.94055 | AT110: 1.95612 | AU110: 1.83744 | AV110: 2.31813 | AW110: 2.31207 | AX110: 2.35833 | AY110: 2.37883 | AZ110: 2.39383 | BA110: 2.43092 | BB110: 2.45087 | BC110: 2.48359 | BD110: 2.39174 | BE110: 2.55272 | BF110: 2.53792 | BG110: 2.52995 | BH110: 2.52277 | BI110: 2.51432 | BJ110: 2.51431 | BK110: 2.50234 | BL110: 2.50101 | BM110: 2.49584 | BN110: 2.4257 | BO110: 2.49636 | BP110: 2.49637 | BQ110: 2.49305 | BR110: 2.49306 | BS110: 2.4839 | BV110: 2.47392 | BW110: 2.47393 | BX110: 2.46711 | BY110: 2.46379 | BZ110: 2.4638 | CA110: 2.4638 | CB110: 2.46381 | CC110: 2.46382 | CD110: 2.46316 | CE110: 2.46317 | CF110: 2.45651 | CG110: 2.45319 | CH110: 2.45254 | CI110: 2.45288 | CJ110: 2.45355 | CK110: 2.45355 | CL110: 2.45356 | CM110: 2.45357 | CN110: 2.45357 | CO110: 2.44156 | CP110: 2.43906 | CR110: 2.44357 | CS110: 2.43158 | CT110: 2.43158 | CU110: 2.43159 | CV110: 2.43881 | CW110: 2.43881 | CX110: 2.43755 | CY110: 2.42161 | CZ110: 2.4313 | DA110: 2.4313 | DB110: 2.33699
A111: 42164 | E111: 0.64493 | F111: 0.67501 | G111: 0.70612 | H111: 0.80351 | I111: 0.70095 | J111: 0.78897 | K111: 0.75723 | L111: 0.76882 | M111: 0.70292 | N111: 0.86014 | O111: 0.82597 | P111: 0.73428 | Q111: 0.76943 | R111: 0.85577 | S111: 0.85901 | T111: 0.7827 | U111: 0.81547 | V111: 0.8824 | W111: 0.92535 | X111: 1.06054 | Y111: 1.01381 | Z111: 1.07426 | AA111: 1.0948 | AB111: 1.20834 | AC111: 1.23308 | AD111: 1.13611 | AE111: 1.28814 | AF111: 1.33573 | AG111: 1.43745 | AH111: 1.43336 | AI111: 1.44707 | AJ111: 1.30532 | AK111: 1.5372 | AL111: 1.6806 | AM111: 1.47989 | AN111: 1.74094 | AO111: 1.85187 | AP111: 1.68618 | AQ111: 1.90322 | AR111: 1.96603 | AS111: 2.00484 | AT111: 1.99531 | AU111: 1.89942 | AV111: 2.36911 | AW111: 2.38023 | AX111: 2.41045 | AY111: 2.43119 | AZ111: 2.44734 | BA111: 2.48684 | BB111: 2.50216 | BC111: 2.53587 | BD111: 2.44661 | BE111: 2.60455 | BF111: 2.58765 | BG111: 2.58572 | BH111: 2.57741 | BI111: 2.56601 | BJ111: 2.56371 | BK111: 2.54497 | BL111: 2.54548 | BM111: 2.54411 | BN111: 2.47638 | BO111: 2.54032 | BP111: 2.54033 | BQ111: 2.54245 | BR111: 2.54246 | BS111: 2.53217 | BV111: 2.5195 | BW111: 2.5222 | BX111: 2.51619 | BY111: 2.51286 | BZ111: 2.51287 | CA111: 2.51288 | CB111: 2.51531 | CC111: 2.51531 | CD111: 2.51462 | CE111: 2.51463 | CF111: 2.5113 | CG111: 2.50487 | CH111: 2.49928 | CI111: 2.50186 | CJ111: 2.4973 | CK111: 2.49731 | CL111: 2.49731 | CM111: 2.49732 | CN111: 2.50119 | CO111: 2.49289 | CP111: 2.4962 | CR111: 2.48291 | CS111: 2.48292 | CT111: 2.48292 | CU111: 2.48293 | CV111: 2.48756 | CW111: 2.48756 | CX111: 2.48631 | CY111: 2.47906 | CZ111: 2.47893 | DA111: 2.47894 | DB111: 2.38677
A112: 42165 | E112: 0.6331 | F112: 0.6712 | G112: 0.71367 | H112: 0.82849 | I112: 0.70534 | J112: 0.77755 | K112: 0.77778 | L112: 0.78117 | M112: 0.71863 | N112: 0.86666 | O112: 0.85254 | P112: 0.7564 | Q112: 0.79111 | R112: 0.87785 | S112: 0.88124 | T112: 0.80893 | U112: 0.84257 | V112: 0.90758 | W112: 0.95745 | X112: 1.08931 | Y112: 1.04069 | Z112: 1.10177 | AA112: 1.12094 | AB112: 1.22257 | AC112: 1.27565 | AD112: 1.15462 | AE112: 1.31479 | AF112: 1.36653 | AG112: 1.46349 | AH112: 1.46389 | AI112: 1.47704 | AJ112: 1.34496 | AK112: 1.566 | AL112: 1.70419 | AM112: 1.50616 | AN112: 1.76474 | AO112: 1.87844 | AP112: 1.71454 | AQ112: 1.93057 | AR112: 1.99375 | AS112: 2.03388 | AT112: 2.01275 | AU112: 1.92723 | AV112: 2.404 | AW112: 2.40807 | AX112: 2.44566 | AY112: 2.46466 | AZ112: 2.48117 | BA112: 2.52482 | BB112: 2.54054 | BC112: 2.56684 | BD112: 2.48554 | BE112: 2.64292 | BF112: 2.62805 | BG112: 2.62065 | BH112: 2.61581 | BI112: 2.60439 | BJ112: 2.60419 | BK112: 2.59193 | BL112: 2.59091 | BM112: 2.58563 | BN112: 2.51659 | BO112: 2.58627 | BP112: 2.58629 | BQ112: 2.58298 | BR112: 2.583 | BS112: 2.57372 | BV112: 2.56376 | BW112: 2.56377 | BX112: 2.55672 | BY112: 2.5534 | BZ112: 2.55342 | CA112: 2.55343 | CB112: 2.55344 | CC112: 2.55346 | CD112: 2.55318 | CE112: 2.55319 | CF112: 2.54987 | CG112: 2.54322 | CH112: 2.54228 | CI112: 2.54244 | CJ112: 2.54274 | CK112: 2.54275 | CL112: 2.54276 | CM112: 2.54277 | CN112: 2.54278 | CO112: 2.53149 | CP112: 2.529 | CR112: 2.52152 | CS112: 2.52861 | CT112: 2.52861 | CU112: 2.52862 | CV112: 2.52769 | CW112: 2.5277 | CX112: 2.52639 | CY112: 2.51158 | CZ112: 2.51762 | DA112: 2.51762 | DB112: 2.42419
A113: 42166 | E113: 0.6326 | F113: 0.66089 | G113: 0.68728 | H113: 0.79907 | I113: 0.70529 | J113: 0.77997 | K113: 0.74724 | L113: 0.76038 | M113: 0.68852 | N113: 0.85359 | O113: 0.82973 | P113: 0.71638 | Q113: 0.75037 | R113: 0.83571 | S113: 0.85239 | T113: 0.76232 | U113: 0.79937 | V113: 0.86089 | W113: 0.91781 | X113: 1.03943 | Y113: 0.9921 | Z113: 1.05031 | AA113: 1.07094 | AB113: 1.15987 | AC113: 1.1834 | AD113: 1.09038 | AE113: 1.26053 | AF113: 1.29964 | AG113: 1.39155 | AH113: 1.39115 | AI113: 1.41081 | AJ113: 1.25947 | AK113: 1.50647 | AL113: 1.62694 | AM113: 1.43773 | AN113: 1.68884 | AO113: 1.79996 | AP113: 1.62774 | AQ113: 1.8492 | AR113: 1.90449 | AS113: 1.94893 | AT113: 1.92775 | AU113: 1.84 | AV113: 2.33174 | AW113: 2.33011 | AX113: 2.36668 | AY113: 2.39127 | AZ113: 2.41832 | BA113: 2.46165 | BB113: 2.47336 | BC113: 2.5144 | BD113: 2.41913 | BE113: 2.57617 | BF113: 2.56137 | BG113: 2.5534 | BH113: 2.54808 | BI113: 2.53678 | BJ113: 2.53646 | BK113: 2.52432 | BL113: 2.52317 | BM113: 2.51887 | BN113: 2.4524 | BO113: 2.51854 | BP113: 2.51856 | BQ113: 2.51525 | BR113: 2.51526 | BS113: 2.50696 | BV113: 2.497 | BW113: 2.49867 | BX113: 2.49036 | BY113: 2.48705 | BZ113: 2.48706 | CA113: 2.48707 | CB113: 2.48709 | CC113: 2.4871 | CD113: 2.48544 | CE113: 2.48545 | CF113: 2.47879 | CG113: 2.47547 | CH113: 2.47465 | CI113: 2.4755 | CJ113: 2.47719 | CK113: 2.4772 | CL113: 2.47721 | CM113: 2.47722 | CN113: 2.47723 | CO113: 2.46473 | CP113: 2.47224 | CR113: 2.45476 | CS113: 2.47091 | CT113: 2.47092 | CU113: 2.47092 | CV113: 2.44729 | CW113: 2.4473 | CX113: 2.45777 | CY113: 2.44481 | CZ113: 2.43733 | DA113: 2.43733 | DB113: 2.35435
A114: 42167 | E114: 0.65367 | F114: 0.65808 | G114: 0.68157 | H114: 0.7877 | I114: 0.70033 | J114: 0.75317 | K114: 0.73765 | L114: 0.75443 | M114: 0.67965 | N114: 0.8458 | O114: 0.82321 | P114: 0.70272 | Q114: 0.73658 | R114: 0.82292 | S114: 0.83985 | T114: 0.74693 | U114: 0.78472 | V114: 0.84661 | W114: 0.90396 | X114: 1.02059 | Y114: 0.97155 | Z114: 1.01886 | AA114: 1.05228 | AB114: 1.14769 | AC114: 1.19162 | AD114: 1.07627 | AE114: 1.23735 | AF114: 1.2872 | AG114: 1.37706 | AH114: 1.37677 | AI114: 1.39476 | AJ114: 1.25888 | AK114: 1.48714 | AL114: 1.62109 | AM114: 1.41702 | AN114: 1.68147 | AO114: 1.78827 | AP114: 1.61545 | AQ114: 1.83751 | AR114: 1.88955 | AS114: 1.93505 | AT114: 1.9119 | AU114: 1.82613 | AV114: 2.32105 | AW114: 2.31985 | AX114: 2.351 | AY114: 2.37996 | AZ114: 2.401 | BA114: 2.4443 | BB114: 2.45471 | BC114: 2.4948 | BD114: 2.39719 | BE114: 2.55652 | BF114: 2.54084 | BG114: 2.53544 | BH114: 2.52923 | BI114: 2.51799 | BJ114: 2.51693 | BK114: 2.50452 | BL114: 2.50364 | BM114: 2.49822 | BN114: 2.43203 | BO114: 2.49901 | BP114: 2.49903 | BQ114: 2.49572 | BR114: 2.49573 | BS114: 2.48631 | BV114: 2.47634 | BW114: 2.47636 | BX114: 2.46983 | BY114: 2.46651 | BZ114: 2.46652 | CA114: 2.46654 | CB114: 2.46655 | CC114: 2.46656 | CD114: 2.46658 | CE114: 2.46659 | CF114: 2.46148 | CG114: 2.45595 | CH114: 2.45486 | CI114: 2.45554 | CJ114: 2.45588 | CK114: 2.45589 | CL114: 2.4559 | CM114: 2.45591 | CN114: 2.45592 | CO114: 2.44508 | CP114: 2.45093 | CR114: 2.43511 | CS114: 2.44171 | CT114: 2.44172 | CU114: 2.44173 | CV114: 2.44028 | CW114: 2.44028 | CX114: 2.42516 | CY114: 2.42517 | CZ114: 2.42964 | DA114: 2.42965 | DB114: 2.33621
A115: 42170 | E115: 0.67 | F115: 0.67205 | G115: 0.69962 | H115: 0.69197 | I115: 0.7057 | J115: 0.76958 | K115: 0.74877 | L115: 0.75186 | M115: 0.66748 | N115: 0.84453 | O115: 0.82037 | P115: 0.68387 | Q115: 0.71852 | R115: 0.80468 | S115: 0.8204 | T115: 0.7256 | U115: 0.764 | V115: 0.8259 | W115: 0.88272 | X115: 0.98496 | Y115: 0.93089 | Z115: 0.98705 | AA115: 1.00388 | AB115: 1.10694 | AC115: 1.13147 | AD115: 1.03857 | AE115: 1.20811 | AF115: 1.24725 | AG115: 1.33551 | AH115: 1.33789 | AI115: 1.35826 | AJ115: 1.21827 | AK115: 1.45228 | AL115: 1.58044 | AM115: 1.38793 | AN115: 1.64679 | AO115: 1.75406 | AP115: 1.58147 | AQ115: 1.80325 | AR115: 1.85612 | AS115: 1.90094 | AT115: 1.87809 | AU115: 1.79253 | AV115: 2.28455 | AW115: 2.28707 | AX115: 2.32232 | AY115: 2.34657 | AZ115: 2.36759 | BA115: 2.41184 | BB115: 2.42113 | BC115: 2.46175 | BD115: 2.36602 | BE115: 2.52645 | BF115: 2.51088 | BG115: 2.50522 | BH115: 2.49891 | BI115: 2.48775 | BJ115: 2.4866 | BK115: 2.47427 | BL115: 2.4733 | BM115: 2.46807 | BN115: 2.4037 | BO115: 2.46864 | BP115: 2.46865 | BQ115: 2.46534 | BR115: 2.46535 | BS115: 2.45612 | BV115: 2.44614 | BW115: 2.44615 | BX115: 2.43974 | BY115: 2.43642 | BZ115: 2.43642 | CA115: 2.43643 | CB115: 2.43644 | CC115: 2.43645 | CD115: 2.43612 | CE115: 2.43613 | CF115: 2.43072 | CG115: 2.42548 | CH115: 2.42447 | CI115: 2.42531 | CJ115: 2.42599 | CK115: 2.42599 | CL115: 2.426 | CM115: 2.426 | CN115: 2.42601 | CO115: 2.41478 | CP115: 2.42102 | CR115: 2.41601 | CS115: 2.4048 | CT115: 2.40481 | CU115: 2.40481 | CV115: 2.41089 | CW115: 2.41089 | CX115: 2.42456 | CY115: 2.39483 | CZ115: 2.40338 | DA115: 2.40339 | DB115: 2.3066
A116: 42171 | E116: 0.64755 | F116: 0.66627 | G116: 0.6965 | H116: 0.64658 | I116: 0.70073 | J116: 0.74557 | K116: 0.74231 | L116: 0.7449 | M116: 0.65538 | N116: 0.84108 | O116: 0.81625 | P116: 0.66605 | Q116: 0.70079 | R116: 0.78667 | S116: 0.80258 | T116: 0.70708 | U116: 0.74508 | V116: 0.80853 | W116: 0.8647 | X116: 0.96101 | Y116: 0.90499 | Z116: 0.96243 | AA116: 0.98884 | AB116: 1.08467 | AC116: 1.13113 | AD116: 1.01635 | AE116: 1.18517 | AF116: 1.22499 | AG116: 1.31341 | AH116: 1.30639 | AI116: 1.33393 | AJ116: 1.19454 | AK116: 1.42883 | AL116: 1.55407 | AM116: 1.35589 | AN116: 1.61593 | AO116: 1.72252 | AP116: 1.55424 | AQ116: 1.77554 | AR116: 1.82876 | AS116: 1.87381 | AT116: 1.8515 | AU116: 1.76455 | AV116: 2.25726 | AW116: 2.25823 | AX116: 2.29479 | AY116: 2.32001 | AZ116: 2.34365 | BA116: 2.3871 | BB116: 2.39717 | BC116: 2.44763 | BD116: 2.342 | BE116: 2.49784 | BF116: 2.48786 | BG116: 2.48421 | BH116: 2.47199 | BI116: 2.46138 | BJ116: 2.46425 | BK116: 2.45759 | BL116: 2.45094 | BM116: 2.44555 | BN116: 2.38364 | BO116: 2.44629 | BP116: 2.4463 | BQ116: 2.44298 | BR116: 2.44299 | BS116: 2.43361 | BV116: 2.42363 | BW116: 2.42364 | BX116: 2.41672 | BY116: 2.4134 | BZ116: 2.4134 | CA116: 2.41341 | CB116: 2.41342 | CC116: 2.41343 | CD116: 2.41243 | CE116: 2.41244 | CF116: 2.40992 | CG116: 2.40312 | CH116: 2.40344 | CI116: 2.40328 | CJ116: 2.40395 | CK116: 2.40396 | CL116: 2.40397 | CM116: 2.40397 | CN116: 2.40398 | CO116: 2.39027 | CP116: 2.39898 | CR116: 2.39397 | CS116: 2.39398 | CT116: 2.39398 | CU116: 2.39399 | CV116: 2.3728 | CW116: 2.37281 | CX116: 2.38748 | CY116: 2.38251 | CZ116: 2.38059 | DA116: 2.3806 | DB116: 2.28672
... A164: 42241 | E164: 0.23502 | F164: 0.43918 | G164: 0.42053 | H164: 0.36317 | I164: 0.42802 | J164: 0.41879 | K164: 0.4197 | L164: 0.45032 | M164: 0.39064 | N164: 0.54046 | O164: 0.52232 | P164: 0.40322 | Q164: 0.47178 | R164: 0.5366 | S164: 0.56841 | T164: 0.48113 | U164: 0.49987 | V164: 0.55595 | W164: 0.60589 | X164: 0.6447 | Y164: 0.59646 | Z164: 0.64741 | AA164: 0.68453 | AB164: 0.69279 | AC164: 0.68725 | AD164: 0.5896 | AE164: 0.76439 | AF164: 0.79696 | AG164: 0.93977 | AH164: 0.93237 | AI164: 0.95162 | AJ164: 0.81566 | AK164: 1.04012 | AL164: 1.13703 | AM164: 0.98685 | AN164: 1.20798 | AO164: 1.29783 | AP164: 1.13052 | AQ164: 1.35178 | AR164: 1.40169 | AS164: 1.45922 | AT164: 1.43017 | AU164: 1.35787 | AV164: 1.9273 | AW164: 1.93898 | AX164: 1.97473 | AY164: 1.99213 | AZ164: 2.01415 | BA164: 2.09916 | BB164: 2.13461 | BC164: 2.17643 | BD164: 2.07775 | BE164: 2.23117 | BF164: 2.22119 | BG164: 2.21454 | BH164: 2.20997 | BI164: 2.20498 | BJ164: 2.2 | BK164: 2.1897 | BL164: 2.1926 | BM164: 2.18859 | BN164: 2.14392 | BO164: 2.17973 | BP164: 2.17974 | BQ164: 2.18456 | BR164: 2.18457 | BS164: 2.18458 | BV164: 2.17459 | BW164: 2.1746 | BX164: 2.16961 | BY164: 2.15981 | BZ164: 2.15982 | CA164: 2.15983 | CB164: 2.15871 | CC164: 2.15871 | CD164: 2.15872 | CE164: 2.15873 | CF164: 2.14967 | CG164: 2.15276 | CH164: 2.15487 | CI164: 2.15487 | CJ164: 2.15488 | CK164: 2.15489 | CL164: 2.15489 | CM164: 2.17239 | CN164: 2.15989 | CO164: 2.1549 | CP164: 2.16241 | CR164: 2.14992 | CS164: 2.14993 | CT164: 2.14993 | CU164: 2.14994 | CV164: 2.14838 | CW164: 2.14838 | CX164: 2.14838 | CY164: 2.13745 | CZ164: 2.13246 | DA164: 2.13246 | DB164: 2.02747
A165: 42242 | E165: 0.06502 | F165: 0.4139 | G165: 0.42927 | H165: 0.3574 | I165: 0.4233 | J165: 0.42877 | K165: 0.45496 | L165: 0.47449 | M165: 0.4201 | N165: 0.55242 | O165: 0.53318 | P165: 0.42299 | Q165: 0.5109 | R165: 0.56782 | S165: 0.59888 | T165: 0.51808 | U165: 0.53779 | V165: 0.58472 | W165: 0.6414 | X165: 0.71759 | Y165: 0.64419 | Z165: 0.70076 | AA165: 0.73212 | AB165: 0.76771 | AC165: 0.77235 | AD165: 0.6585 | AE165: 0.81588 | AF165: 0.874 | AG165: 1.00476 | AH165: 1.00723 | AI165: 1.02742 | AJ165: 0.8915 | AK165: 1.1118 | AL165: 1.22973 | AM165: 1.07236 | AN165: 1.28959 | AO165: 1.39803 | AP165: 1.22778 | AQ165: 1.4534 | AR165: 1.51062 | AS165: 1.56262 | AT165: 1.54169 | AU165: 1.47254 | AV165: 2.04874 | AW165: 2.06912 | AX165: 2.10107 | AY165: 2.11044 | AZ165: 2.13298 | BA165: 2.21578 | BB165: 2.24003 | BC165: 2.2842 | BD165: 2.19277 | BE165: 2.34234 | BF165: 2.33757 | BG165: 2.33093 | BH165: 2.32541 | BI165: 2.31204 | BJ165: 2.31546 | BK165: 2.30508 | BL165: 2.3051 | BM165: 2.30405 | BN165: 2.25954 | BO165: 2.29514 | BP165: 2.29515 | BQ165: 2.30007 | BR165: 2.30008 | BS165: 2.3001 | BV165: 2.29013 | BW165: 2.29014 | BX165: 2.28516 | BY165: 2.27528 | BZ165: 2.27529 | CA165: 2.2753 | CB165: 2.27425 | CC165: 2.27426 | CD165: 2.27427 | CE165: 2.27428 | CF165: 2.26526 | CG165: 2.26527 | CH165: 2.27038 | CI165: 2.27039 | CJ165: 2.27039 | CK165: 2.2704 | CL165: 2.26031 | CM165: 2.26032 | CN165: 2.25782 | CO165: 2.25783 | CP165: 2.27045 | CR165: 2.23931 | CS165: 2.23932 | CT165: 2.23933 | CU165: 2.23933 | CV165: 2.23434 | CW165: 2.23435 | CX165: 2.22936 | CY165: 2.22936 | CZ165: 2.22437 | DA165: 2.22438
A166: 42243 | E166: 0.07997 | F166: 0.388 | G166: 0.42626 | H166: 0.45394 | I166: 0.42324 | J166: 0.43079 | K166: 0.4557 | L166: 0.47941 | M166: 0.42538 | N166: 0.55491 | O166: 0.53602 | P166: 0.44332 | Q166: 0.51132 | R166: 0.57647 | S166: 0.58875 | T166: 0.5216 | U166: 0.5428 | V166: 0.58881 | W166: 0.64834 | X166: 0.70582 | Y166: 0.65865 | Z166: 0.71232 | AA166: 0.74383 | AB166: 0.77026 | AC166: 0.76727 | AD166: 0.67486 | AE166: 0.82915 | AF166: 0.8928 | AG166: 1.01102 | AH166: 1.02422 | AI166: 1.04055 | AJ166: 0.903 | AK166: 1.13383 | AL166: 1.23925 | AM166: 1.08411 | AN166: 1.30288 | AO166: 1.40803 | AP166: 1.24473 | AQ166: 1.46159 | AR166: 1.52147 | AS166: 1.57527 | AT166: 1.56411 | AU166: 1.48342 | AV166: 2.0649 | AW166: 2.04873 | AX166: 2.11384 | AY166: 2.13012 | AZ166: 2.14617 | BA166: 2.22132 | BB166: 2.25325 | BC166: 2.28812 | BD166: 2.2014 | BE166: 2.36219 | BF166: 2.34508 | BG166: 2.34224 | BH166: 2.32727 | BI166: 2.3173 | BJ166: 2.31482 | BK166: 2.30984 | BL166: 2.31554 | BM166: 2.30988 | BN166: 2.26323 | BO166: 2.2999 | BP166: 2.29991 | BQ166: 2.29493 | BR166: 2.29495 | BS166: 2.30751 | BV166: 2.28499 | BW166: 2.28501 | BX166: 2.28502 | BY166: 2.28004 | BZ166: 2.28005 | CA166: 2.28006 | CB166: 2.28007 | CC166: 2.28008 | CD166: 2.2846 | CE166: 2.28461 | CF166: 2.27962 | CG166: 2.27963 | CH166: 2.27249 | CI166: 2.2725 | CJ166: 2.26773 | CK166: 2.26774 | CL166: 2.26775 | CM166: 2.28017 | CN166: 2.2845 | CO166: 2.27519 | CP166: 2.27787 | CR166: 2.27023 | CS166: 2.27124 | CT166: 2.27124 | CU166: 2.27125 | CV166: 2.26459 | CW166: 2.2646 | CX166: 2.26274 | CY166: 2.25775 | CZ166: 2.25276 | DA166: 2.25277 | DB166: 2.14777
A167: 42244 | E167: 0.10122 | F167: 0.38264 | G167: 0.43274 | H167: 0.38418 | I167: 0.42317 | J167: 0.43789 | K167: 0.4662 | L167: 0.49812 | M167: 0.44333 | N167: 0.5643 | O167: 0.54674 | P167: 0.4621 | Q167: 0.51802 | R167: 0.59382 | S167: 0.60612 | T167: 0.53835 | U167: 0.55864 | V167: 0.60413 | W167: 0.66511 | X167: 0.7215 | Y167: 0.67242 | Z167: 0.73799 | AA167: 0.75063 | AB167: 0.79471 | AC167: 0.79312 | AD167: 0.68212 | AE167: 0.84227 | AF167: 0.90967 | AG167: 1.03488 | AH167: 1.02789 | AI167: 1.04728 | AJ167: 0.90912 | AK167: 1.13938 | AL167: 1.23685 | AM167: 1.08313 | AN167: 1.30131 | AO167: 1.39812 | AP167: 1.22994 | AQ167: 1.45126 | AR167: 1.50703 | AS167: 1.55983 | AT167: 1.53812 | AU167: 1.46734 | AV167: 2.047 | AW167: 2.05928 | AX167: 2.09093 | AY167: 2.10722 | AZ167: 2.12976 | BA167: 2.20685 | BB167: 2.24045 | BC167: 2.27649 | BD167: 2.18627 | BE167: 2.35044 | BF167: 2.33207 | BG167: 2.32861 | BH167: 2.31077 | BI167: 2.30079 | BJ167: 2.29931 | BK167: 2.29433 | BL167: 2.30319 | BM167: 2.29437 | BN167: 2.24625 | BO167: 2.28439 | BP167: 2.28441 | BQ167: 2.27942 | BR167: 2.29673 | BS167: 2.29674 | BV167: 2.28678 | BW167: 2.2695 | BX167: 2.26951 | BY167: 2.26453 | BZ167: 2.26454 | CA167: 2.26455 | CB167: 2.26456 | CC167: 2.26458 | CD167: 2.28587 | CE167: 2.28588 | CF167: 2.26886 | CG167: 2.26887 | CH167: 2.26388 | CI167: 2.26389 | CJ167: 2.2639 | CK167: 2.26391 | CL167: 2.26392 | CM167: 2.2715 | CN167: 2.26555 | CO167: 2.25855 | CP167: 2.25934 | CR167: 2.25472 | CS167: 2.25539 | CT167: 2.2554 | CU167: 2.25541 | CV167: 2.24671 | CW167: 2.24672 | CX167: 2.24876 | CY167: 2.24173 | CZ167: 2.23674 | DA167: 2.23675 | DB167: 2.1291
A168: 42247 | E168: 0.41986 | F168: 0.42996 | G168: 0.45111 | H168: 0.48521 | I168: 0.42779 | J168: 0.46564 | K168: 0.48886 | L168: 0.52859 | M168: 0.47104 | N168: 0.59031 | O168: 0.572 | P168: 0.49683 | Q168: 0.552 | R168: 0.61536 | S168: 0.65525 | T168: 0.54167 | U168: 0.57993 | V168: 0.62682 | W168: 0.68586 | X168: 0.75169 | Y168: 0.69826 | Z168: 0.76803 | AA168: 0.78446 | AB168: 0.81459 | AC168: 0.81123 | AD168: 0.71543 | AE168: 0.87228 | AF168: 0.93518 | AG168: 1.07033 | AH168: 1.063 | AI168: 1.08257 | AJ168: 0.94349 | AK168: 1.16874 | AL168: 1.27253 | AM168: 1.11549 | AN168: 1.33815 | AO168: 1.439 | AP168: 1.26889 | AQ168: 1.49214 | AR168: 1.5519 | AS168: 1.59845 | AT168: 1.60042 | AU168: 1.50915 | AV168: 2.0921 | AW168: 2.10505 | AX168: 2.13535 | AY168: 2.14892 | AZ168: 2.17144 | BA168: 2.24693 | BB168: 2.27894 | BC168: 2.31236 | BD168: 2.22313 | BE168: 2.39028 | BF168: 2.37166 | BG168: 2.36303 | BH168: 2.3489 | BI168: 2.33892 | BJ168: 2.33743 | BK168: 2.33244 | BL168: 2.34888 | BM168: 2.33246 | BN168: 2.28411 | BO168: 2.32248 | BP168: 2.32249 | BQ168: 2.33742 | BR168: 2.33742 | BS168: 2.33743 | BV168: 2.32745 | BW168: 2.34547 | BX168: 2.30755 | BY168: 2.30256 | BZ168: 2.30257 | CA168: 2.30258 | CB168: 2.30258 | CC168: 2.30259 | CD168: 2.31819 | CE168: 2.32553 | CF168: 2.30854 | CG168: 2.31156 | CH168: 2.30356 | CI168: 2.30356 | CJ168: 2.30357 | CK168: 2.30358 | CL168: 2.30358 | CM168: 2.31092 | CN168: 2.30926 | CO168: 2.3011 | CP168: 2.29863 | CR168: 2.29131 | CS168: 2.29268 | CT168: 2.29368 | CU168: 2.29368 | CV168: 2.28467 | CW168: 2.28467 | CX168: 2.28468 | CY168: 2.27765 | CZ168: 2.27469 | DA168: 2.27469 | DB168: 2.17267
A169: 42248 | F169: 0.43161 | G169: 0.45362 | H169: 0.40118 | I169: 0.42775 | J169: 0.46529 | K169: 0.48354 | L169: 0.51591 | M169: 0.45768 | N169: 0.58755 | O169: 0.56977 | P169: 0.4721 | Q169: 0.53903 | R169: 0.60276 | S169: 0.64329 | T169: 0.54197 | U169: 0.56535 | V169: 0.60988 | W169: 0.67215 | X169: 0.71042 | Y169: 0.67197 | Z169: 0.72368 | AA169: 0.76472 | AB169: 0.80331 | AC169: 0.77012 | AD169: 0.66822 | AE169: 0.86063 | AF169: 0.90534 | AG169: 1.05831 | AH169: 1.02094 | AI169: 1.03944 | AJ169: 0.89052 | AK169: 1.13767 | AL169: 1.23869 | AM169: 1.07574 | AN169: 1.31102 | AO169: 1.39862 | AP169: 1.2276 | AQ169: 1.44698 | AR169: 1.5023 | AS169: 1.55945 | AT169: 1.57245 | AU169: 1.45805 | AV169: 2.05226 | AW169: 2.05572 | AX169: 2.08483 | AY169: 2.10522 | AZ169: 2.12104 | BA169: 2.21273 | BB169: 2.23794 | BC169: 2.26761 | BD169: 2.18412 | BE169: 2.34601 | BF169: 2.32827 | BG169: 2.31914 | BH169: 2.30581 | BI169: 2.30662 | BJ169: 2.29383 | BK169: 2.29865 | BL169: 2.30421 | BM169: 2.28887 | BN169: 2.24241 | BO169: 2.28868 | BP169: 2.28869 | BQ169: 2.29362 | BR169: 2.29362 | BS169: 2.29363 | BV169: 2.28365 | BW169: 2.29973 | BX169: 2.27869 | BY169: 2.25896 | BZ169: 2.25897 | CA169: 2.25898 | CB169: 2.26547 | CC169: 2.26548 | CD169: 2.27284 | CE169: 2.27285 | CF169: 2.26376 | CG169: 2.26621 | CH169: 2.25878 | CI169: 2.25878 | CJ169: 2.25553 | CK169: 2.25554 | CL169: 2.25555 | CM169: 2.26557 | CN169: 2.26391 | CO169: 2.25631 | CP169: 2.25396 | CR169: 2.24908 | CS169: 2.24911 | CT169: 2.24911 | CU169: 2.24912 | CV169: 2.23914 | CW169: 2.23914 | CX169: 2.23914 | CY169: 2.2323 | CZ169: 2.22915 | DA169: 2.22916 | DB169: 2.11749
A170: 42249 | F170: 0.35482 | G170: 0.44691 | H170: 0.4647 | I170: 0.42041 | J170: 0.46444 | K170: 0.49753 | L170: 0.51432 | M170: 0.45664 | N170: 0.58809 | O170: 0.56755 | P170: 0.47179 | Q170: 0.52782 | R170: 0.60092 | S170: 0.64187 | T170: 0.51978 | U170: 0.55828 | V170: 0.60445 | W170: 0.66468 | X170: 0.71849 | Y170: 0.66848 | Z170: 0.72256 | AA170: 0.75293 | AB170: 0.77681 | AC170: 0.77713 | AD170: 0.68221 | AE170: 0.84212 | AF170: 0.91032 | AG170: 1.038 | AH170: 1.03596 | AI170: 1.05557 | AJ170: 0.91417 | AK170: 1.13973 | AL170: 1.24633 | AM170: 1.0897 | AN170: 1.30989 | AO170: 1.41172 | AP170: 1.24665 | AQ170: 1.47386 | AR170: 1.52339 | AS170: 1.58124 | AT170: 1.5659 | AU170: 1.47815 | AV170: 2.05666 | AW170: 2.05619 | AX170: 2.09821 | AY170: 2.11451 | AZ170: 2.13705 | BA170: 2.23283 | BB170: 2.26051 | BC170: 2.2973 | BD170: 2.21175 | BE170: 2.37016 | BF170: 2.35306 | BG170: 2.34386 | BH170: 2.33089 | BI170: 2.33873 | BJ170: 2.31894 | BK170: 2.32351 | BL170: 2.32939 | BM170: 2.31401 | BN170: 2.26795 | BO170: 2.30404 | BP170: 2.30406 | BQ170: 2.31889 | BR170: 2.3189 | BS170: 2.31892 | BV170: 2.30896 | BW170: 2.32503 | BX170: 2.28918 | BY170: 2.28421 | BZ170: 2.28422 | CA170: 2.28424 | CB170: 2.29047 | CC170: 2.29049 | CD170: 2.29785 | CE170: 2.29786 | CF170: 2.28817 | CG170: 2.28819 | CH170: 2.28321 | CI170: 2.28322 | CJ170: 2.28323 | CK170: 2.28324 | CL170: 2.28325 | CM170: 2.28825 | CN170: 2.28229 | CO170: 2.27898 | CP170: 2.27732 | CR170: 2.27234 | CS170: 2.27445 | CT170: 2.27446 | CU170: 2.27447 | CV170: 2.26701 | CW170: 2.26701 | CX170: 2.26702 | CY170: 2.26203 | CZ170: 2.25704 | DA170: 2.25705 | DB170: 2.14709
A171: 42250 | F171: 0.27974 | G171: 0.43967 | H171: 0.38894 | I171: 0.43 | J171: 0.468 | K171: 0.48914 | L171: 0.45725 | M171: 0.44214 | N171: 0.59427 | O171: 0.5745 | P171: 0.48657 | Q171: 0.54905 | R171: 0.61346 | S171: 0.65313 | T171: 0.53255 | U171: 0.57141 | V171: 0.61742 | W171: 0.67841 | X171: 0.72703 | Y171: 0.68029 | Z171: 0.73347 | AA171: 0.76447 | AB171: 0.78892 | AC171: 0.80493 | AD171: 0.69515 | AE171: 0.85651 | AF171: 0.91862 | AG171: 1.03638 | AH171: 1.04998 | AI171: 1.06957 | AJ171: 0.9279 | AK171: 1.15396 | AL171: 1.26 | AM171: 1.10135 | AN171: 1.32235 | AO171: 1.41972 | AP171: 1.2549 | AQ171: 1.48201 | AR171: 1.53043 | AS171: 1.58819 | AT171: 1.57251 | AU171: 1.48595 | AV171: 2.0657 | AW171: 2.06538 | AX171: 2.10769 | AY171: 2.12399 | AZ171: 2.14653 | BA171: 2.24639 | BB171: 2.27685 | BC171: 2.30854 | BD171: 2.22538 | BE171: 2.38291 | BF171: 2.36477 | BG171: 2.35544 | BH171: 2.34246 | BI171: 2.34316 | BJ171: 2.33051 | BK171: 2.33522 | BL171: 2.34107 | BM171: 2.32558 | BN171: 2.27797 | BO171: 2.31561 | BP171: 2.31563 | BQ171: 2.32969 | BR171: 2.32971 | BS171: 2.32973 | BV171: 2.31977 | BW171: 2.32611 | BX171: 2.30076 | BY171: 2.29578 | BZ171: 2.29579 | CA171: 2.29581 | CB171: 2.30218 | CC171: 2.3022 | CD171: 2.31023 | CE171: 2.31024 | CF171: 2.30093 | CG171: 2.30361 | CH171: 2.29596 | CI171: 2.29597 | CJ171: 2.29598 | CK171: 2.29599 | CL171: 2.296 | CM171: 2.30335 | CN171: 2.30168 | CO171: 2.29353 | CP171: 2.29129 | CR171: 2.28406 | CS171: 2.28671 | CT171: 2.28672 | CU171: 2.28673 | CV171: 2.27758 | CW171: 2.27759 | CX171: 2.27759 | CY171: 2.27014 | CZ171: 2.26761 | DA171: 2.26762 | DB171: 2.15515
A172: 42251 | F172: 0.26019 | G172: 0.44822 | H172: 0.47288 | I172: 0.42992 | J172: 0.47474 | K172: 0.49683 | L172: 0.45723 | M172: 0.4421 | N172: 0.60048 | O172: 0.5827 | P172: 0.50255 | Q172: 0.55719 | R172: 0.62509 | S172: 0.66517 | T172: 0.56106 | U172: 0.57853 | V172: 0.62535 | W172: 0.68639 | X172: 0.75494 | Y172: 0.68304 | Z172: 0.7357 | AA172: 0.75843 | AB172: 0.78665 | AC172: 0.80159 | AD172: 0.69815 | AE172: 0.85401 | AF172: 0.91571 | AG172: 1.02839 | AH172: 1.04779 | AI172: 1.06429 | AJ172: 0.9205 | AK172: 1.14904 | AL172: 1.24764 | AM172: 1.08636 | AN172: 1.30727 | AO172: 1.39856 | AP172: 1.24046 | AQ172: 1.46086 | AR172: 1.50492 | AS172: 1.56298 | AT172: 1.54747 | AU172: 1.46165 | AV172: 2.04097 | AW172: 2.04015 | AX172: 2.08145 | AY172: 2.09775 | AZ172: 2.13256 | BA172: 2.223 | BB172: 2.25453 | BC172: 2.28487 | BD172: 2.20487 | BE172: 2.35976 | BF172: 2.34221 | BG172: 2.33917 | BH172: 2.32011 | BI172: 2.31014 | BJ172: 2.30816 | BK172: 2.30319 | BL172: 2.31268 | BM172: 2.30324 | BN172: 2.26007 | BO172: 2.29326 | BP172: 2.29328 | BQ172: 2.30751 | BR172: 2.30753 | BS172: 2.30755 | BV172: 2.29759 | BW172: 2.2976 | BX172: 2.27841 | BY172: 2.27343 | BZ172: 2.27344 | CA172: 2.27346 | CB172: 2.27347 | CC172: 2.27349 | CD172: 2.28273 | CE172: 2.28274 | CF172: 2.27777 | CG172: 2.27778 | CH172: 2.26972 | CI172: 2.26973 | CJ172: 2.27283 | CK172: 2.27284 | CL172: 2.27285 | CM172: 2.27785 | CN172: 2.27144 | CO172: 2.26538 | CP172: 2.26647 | CR172: 2.26149 | CS172: 2.26367 | CT172: 2.26368 | CU172: 2.26369 | CV172: 2.26034 | CW172: 2.26034 | CX172: 2.26035 | CY172: 2.25369 | CZ172: 2.24869 | DA172: 2.2487 | DB172: 2.14124
A173: 42255 | F173: 0.33518 | G173: 0.46255 | H173: 0.38628 | I173: 0.43729 | J173: 0.48342 | K173: 0.51594 | L173: 0.46107 | M173: 0.44545 | N173: 0.60527 | O173: 0.58224 | P173: 0.50428 | Q173: 0.55749 | R173: 0.62506 | S173: 0.66451 | T173: 0.56018 | U173: 0.58276 | V173: 0.62573 | W173: 0.68831 | X173: 0.7445 | Y173: 0.69772 | Z173: 0.75062 | AA173: 0.7915 | AB173: 0.80803 | AC173: 0.80935 | AD173: 0.71592 | AE173: 0.87601 | AF173: 0.93873 | AG173: 1.05362 | AH173: 1.06927 | AI173: 1.08303 | AJ173: 0.94325 | AK173: 1.18127 | AL173: 1.27597 | AM173: 1.11561 | AN173: 1.34408 | AO173: 1.45024 | AP173: 1.27279 | AQ173: 1.49742 | AR173: 1.54577 | AS173: 1.60207 | AT173: 1.6005 | AU173: 1.50586 | AV173: 2.083 | AW173: 2.08323 | AX173: 2.12214 | AY173: 2.13472 | AZ173: 2.16732 | BA173: 2.25356 | BB173: 2.28541 | BC173: 2.33021 | BD173: 2.24767 | BE173: 2.40383 | BF173: 2.38669 | BG173: 2.38337 | BH173: 2.36445 | BI173: 2.35447 | BJ173: 2.35248 | BK173: 2.34749 | BL173: 2.35709 | BM173: 2.34752 | BN173: 2.3035 | BO173: 2.33753 | BP173: 2.33754 | BQ173: 2.35242 | BR173: 2.35243 | BS173: 2.35244 | BV173: 2.34246 | BW173: 2.34247 | BX173: 2.3375 | BY173: 2.31761 | BZ173: 2.31762 | CA173: 2.31763 | CB173: 2.31764 | CC173: 2.31764 | CD173: 2.32656 | CE173: 2.32657 | CF173: 2.31266 | CG173: 2.3216 | CH173: 2.31395 | CI173: 2.31396 | CJ173: 2.31662 | CK173: 2.31663 | CL173: 2.31663 | CM173: 2.32163 | CN173: 2.31564 | CO173: 2.31233 | CP173: 2.31066 | CR173: 2.30568 | CS173: 2.30774 | CT173: 2.30774 | CU173: 2.30774 | CV173: 2.30075 | CW173: 2.30075 | CX173: 2.30341 | CY173: 2.29576 | CZ173: 2.29076 | DA173: 2.29077 | DB173: 2.18178
A174: 42256 | F174: 0.20456 | G174: 0.46413 | H174: 0.47941 | I174: 0.43207 | J174: 0.4864 | K174: 0.50866 | L174: 0.45844 | M174: 0.44413 | N174: 0.60853 | O174: 0.58587 | P174: 0.52551 | Q174: 0.576 | R174: 0.64483 | S174: 0.68314 | T174: 0.59462 | U174: 0.6173 | V174: 0.66075 | W174: 0.72238 | X174: 0.78835 | Y174: 0.71742 | Z174: 0.77142 | AA174: 0.8035 | AB174: 0.83606 | AC174: 0.82566 | AD174: 0.72964 | AE174: 0.89124 | AF174: 0.95513 | AG174: 1.0673 | AH174: 1.08231 | AI174: 1.09857 | AJ174: 0.94171 | AK174: 1.19431 | AL174: 1.28698 | AM174: 1.12415 | AN174: 1.34767 | AO174: 1.44832 | AP174: 1.27877 | AQ174: 1.50933 | AR174: 1.55414 | AS174: 1.61153 | AT174: 1.6011 | AU174: 1.5137 | AV174: 2.10614 | AW174: 2.09471 | AX174: 2.13286 | AY174: 2.14915 | AZ174: 2.17969 | BA174: 2.26296 | BB174: 2.29112 | BC174: 2.3312 | BD174: 2.2522 | BE174: 2.41805 | BF174: 2.40085 | BG174: 2.39775 | BH174: 2.37846 | BI174: 2.36849 | BJ174: 2.36651 | BK174: 2.36153 | BL174: 2.37097 | BM174: 2.36157 | BN174: 2.31759 | BO174: 2.35159 | BP174: 2.35161 | BQ174: 2.36576 | BR174: 2.36578 | BS174: 2.36579 | BV174: 2.35583 | BW174: 2.35584 | BX174: 2.33671 | BY174: 2.33173 | BZ174: 2.33175 | CA174: 2.33176 | CB174: 2.33177 | CC174: 2.33178 | CD174: 2.34095 | CE174: 2.34096 | CF174: 2.33599 | CG174: 2.336 | CH174: 2.33101 | CI174: 2.33102 | CJ174: 2.33103 | CK174: 2.33104 | CL174: 2.33105 | CM174: 2.33605 | CN174: 2.32966 | CO174: 2.32635 | CP174: 2.32469 | CR174: 2.31971 | CS174: 2.32194 | CT174: 2.32194 | CU174: 2.32195 | CV174: 2.31496 | CW174: 2.31497 | CX174: 2.3173 | CY174: 2.30998 | CZ174: 2.30499 | DA174: 2.305 | DB174: 2.19569
A175: 42257 | F175: 0.06333 | G175: 0.4617 | H175: 0.39138 | I175: 0.43199 | J175: 0.48727 | K175: 0.51189 | L175: 0.45842 | M175: 0.44236 | N175: 0.60987 | O175: 0.58856 | P175: 0.53995 | Q175: 0.58188 | R175: 0.65229 | S175: 0.69124 | T175: 0.59169 | U175: 0.63209 | V175: 0.67461 | W175: 0.73603 | X175: 0.73547 | Y175: 0.72375 | Z175: 0.77568 | AA175: 0.80773 | AB175: 0.83302 | AC175: 0.8362 | AD175: 0.72635 | AE175: 0.89218 | AF175: 0.94971 | AG175: 1.06273 | AH175: 1.07948 | AI175: 1.10285 | AJ175: 0.93804 | AK175: 1.18489 | AL175: 1.28681 | AM175: 1.12276 | AN175: 1.35095 | AO175: 1.45077 | AP175: 1.27947 | AQ175: 1.50202 | AR175: 1.55337 | AS175: 1.6126 | AT175: 1.60734 | AU175: 1.51461 | AV175: 2.09517 | AW175: 2.09329 | AX175: 2.13323 | AY175: 2.14543 | AZ175: 2.18091 | BA175: 2.26718 | BB175: 2.30145 | BC175: 2.33976 | BD175: 2.25823 | BE175: 2.42298 | BF175: 2.40542 | BG175: 2.40338 | BH175: 2.38232 | BI175: 2.37235 | BJ175: 2.37036 | BK175: 2.36539 | BL175: 2.37554 | BM175: 2.36543 | BN175: 2.32393 | BO175: 2.35545 | BP175: 2.35547 | BQ175: 2.37069 | BR175: 2.3707 | BS175: 2.37072 | BV175: 2.36075 | BW175: 2.36076 | BX175: 2.3558 | BY175: 2.33559 | BZ175: 2.3356 | CA175: 2.33562 | CB175: 2.33563 | CC175: 2.33564 | CD175: 2.36087 | CE175: 2.36088 | CF175: 2.33067 | CG175: 2.34092 | CH175: 2.33594 | CI175: 2.33595 | CJ175: 2.33596 | CK175: 2.33597 | CL175: 2.33598 | CM175: 2.34098 | CN175: 2.33849 | CO175: 2.33351 | CP175: 2.32926 | CR175: 2.32429 | CS175: 2.32429 | CT175: 2.3258 | CU175: 2.32581 | CV175: 2.32247 | CW175: 2.32248 | CX175: 2.32248 | CY175: 2.31583 | CZ175: 2.31083 | DA175: 2.31083 | DB175: 2.20337
A176: 42258 | F176: 0.03911 | G176: 0.4599 | H176: 0.48107 | I176: 0.43192 | J176: 0.4851 | K176: 0.49779 | L176: 0.4584 | M176: 0.44229 | N176: 0.60778 | O176: 0.58842 | P176: 0.53352 | Q176: 0.58432 | R176: 0.6555 | S176: 0.69351 | T176: 0.58556 | U176: 0.6263 | V176: 0.66977 | W176: 0.73044 | X176: 0.75752 | Y176: 0.71722 | Z176: 0.77094 | AA176: 0.79447 | AB176: 0.82083 | AC176: 0.80747 | AD176: 0.7144 | AE176: 0.87903 | AF176: 0.93611 | AG176: 1.06435 | AH176: 1.06762 | AI176: 1.09039 | AJ176: 0.9252 | AK176: 1.1718 | AL176: 1.27152 | AM176: 1.10651 | AN176: 1.33378 | AO176: 1.43783 | AP176: 1.26191 | AQ176: 1.48503 | AR176: 1.53552 | AS176: 1.59462 | AT176: 1.5894 | AU176: 1.49634 | AV176: 2.08198 | AW176: 2.07555 | AX176: 2.11807 | AY176: 2.13436 | AZ176: 2.16575 | BA176: 2.24164 | BB176: 2.28246 | BC176: 2.31463 | BD176: 2.23128 | BE176: 2.39873 | BF176: 2.38108 | BG176: 2.37823 | BH176: 2.35781 | BI176: 2.34783 | BJ176: 2.34485 | BK176: 2.33988 | BL176: 2.34987 | BM176: 2.33991 | BN176: 2.29523 | BO176: 2.32994 | BP176: 2.32995 | BQ176: 2.34494 | BR176: 2.34495 | BS176: 2.34497 | BV176: 2.335 | BW176: 2.33501 | BX176: 2.31506 | BY176: 2.31008 | BZ176: 2.31009 | CA176: 2.3101 | CB176: 2.31011 | CC176: 2.31013 | CD176: 2.32012 | CE176: 2.32014 | CF176: 2.31516 | CG176: 2.31517 | CH176: 2.31019 | CI176: 2.3102 | CJ176: 2.31021 | CK176: 2.31022 | CL176: 2.31023 | CM176: 2.31523 | CN176: 2.31273 | CO176: 2.30525 | CP176: 2.30359 | CR176: 2.29861 | CS176: 2.30028 | CT176: 2.30029 | CU176: 2.3003 | CV176: 2.29324 | CW176: 2.29325 | CX176: 2.29561 | CY176: 2.28827 | CZ176: 2.28327 | DA176: 2.28328 | DB176: 2.17081
A177: 42261 | F177: 0.17143 | G177: 0.47042 | H177: 0.49409 | I177: 0.43701 | J177: 0.48901 | K177: 0.51138 | L177: 0.46101 | M177: 0.44436 | N177: 0.61194 | O177: 0.58934 | P177: 0.5419 | Q177: 0.58086 | R177: 0.65188 | S177: 0.68962 | T177: 0.57505 | U177: 0.61584 | V177: 0.66056 | W177: 0.72144 | X177: 0.77262 | Y177: 0.70091 | Z177: 0.75451 | AA177: 0.7764 | AB177: 0.80398 | AC177: 0.79183 | AD177: 0.69837 | AE177: 0.86229 | AF177: 0.91942 | AG177: 1.04844 | AH177: 1.05091 | AI177: 1.06674 | AJ177: 0.91136 | AK177: 1.15666 | AL177: 1.25484 | AM177: 1.09217 | AN177: 1.32043 | AO177: 1.41971 | AP177: 1.24002 | AQ177: 1.46689 | AR177: 1.51576 | AS177: 1.57477 | AT177: 1.57015 | AU177: 1.47897 | AV177: 2.05577 | AW177: 2.05378 | AX177: 2.09757 | AY177: 2.11206 | AZ177: 2.1432 | BA177: 2.22576 | BB177: 2.25816 | BC177: 2.30036 | BD177: 2.20926 | BE177: 2.37997 | BF177: 2.36222 | BG177: 2.35911 | BH177: 2.33874 | BI177: 2.32876 | BJ177: 2.32577 | BK177: 2.32079 | BL177: 2.33062 | BM177: 2.32081 | BN177: 2.27551 | BO177: 2.31082 | BP177: 2.31083 | BQ177: 2.32558 | BR177: 2.32559 | BS177: 2.3256 | BV177: 2.31562 | BW177: 2.33319 | BX177: 2.29589 | BY177: 2.29091 | BZ177: 2.29091 | CA177: 2.29092 | CB177: 2.29093 | CC177: 2.29093 | CD177: 2.30579 | CE177: 2.30579 | CF177: 2.29573 | CG177: 2.29573 | CH177: 2.29074 | CI177: 2.29075 | CJ177: 2.29076 | CK177: 2.29076 | CL177: 2.29077 | CM177: 2.29577 | CN177: 2.29327 | CO177: 2.28585 | CP177: 2.28419 | CR177: 2.27921 | CS177: 2.28103 | CT177: 2.28103 | CU177: 2.28104 | CV177: 2.27407 | CW177: 2.27407 | CX177: 2.2764 | CY177: 2.26908 | CZ177: 2.26409 | DA177: 2.26409 | DB177: 2.1501
A178: 42262 | G178: 0.48418 | H178: 0.42425 | I178: 0.43696 | J178: 0.50719 | K178: 0.52389 | L178: 0.46099 | M178: 0.45913 | N178: 0.60804 | O178: 0.61176 | P178: 0.57236 | Q178: 0.62141 | R178: 0.69211 | S178: 0.73037 | T178: 0.62012 | U178: 0.66124 | V178: 0.70522 | W178: 0.76626 | X178: 0.84477 | Y178: 0.76932 | Z178: 0.83816 | AA178: 0.85718 | AB178: 0.89197 | AC178: 0.88178 | AD178: 0.78837 | AE178: 0.94712 | AF178: 1.002 | AG178: 1.12924 | AH178: 1.14529 | AI178: 1.16178 | AJ178: 1.00616 | AK178: 1.25701 | AL178: 1.35862 | AM178: 1.19538 | AN178: 1.41977 | AO178: 1.52981 | AP178: 1.35782 | AQ178: 1.59043 | AR178: 1.63202 | AS178: 1.69151 | AT178: 1.68237 | AU178: 1.59213 | AV178: 2.16927 | AW178: 2.16252 | AX178: 2.20743 | AY178: 2.22126 | AZ178: 2.25342 | BA178: 2.32716 | BB178: 2.35972 | BC178: 2.40001 | BD178: 2.31178 | BE178: 2.48008 | BF178: 2.46204 | BG178: 2.45952 | BH178: 2.4375 | BI178: 2.42751 | BJ178: 2.42402 | BK178: 2.41904 | BL178: 2.42911 | BM178: 2.41906 | BN178: 2.37739 | BO178: 2.40908 | BP178: 2.40909 | BQ178: 2.42419 | BR178: 2.4242 | BS178: 2.42421 | BV178: 2.41423 | BW178: 2.41424 | BX178: 2.40927 | BY178: 2.38917 | BZ178: 2.38917 | CA178: 2.38918 | CB178: 2.38919 | CC178: 2.3892 | CD178: 2.39932 | CE178: 2.39932 | CF178: 2.38421 | CG178: 2.39435 | CH178: 2.38937 | CI178: 2.38937 | CJ178: 2.38938 | CK178: 2.38938 | CL178: 2.38939 | CM178: 2.39439 | CN178: 2.39189 | CO178: 2.38191 | CP178: 2.37941 | CR178: 2.37692 | CS178: 2.38595 | CT178: 2.38595 | CU178: 2.37443 | CV178: 2.3793 | CW178: 2.36459 | CX178: 2.37931 | CY178: 2.36445 | CZ178: 2.3496 | DA178: 2.34961
A179: 42263 | G179: 0.49029 | H179: 0.50245 | I179: 0.4325 | J179: 0.52927 | K179: 0.538 | L179: 0.45929 | M179: 0.45828 | N179: 0.61877 | O179: 0.66057 | P179: 0.61059 | Q179: 0.64779 | R179: 0.71811 | S179: 0.75697 | T179: 0.66999 | U179: 0.6923 | V179: 0.73638 | W179: 0.79722 | X179: 0.87452 | Y179: 0.79897 | Z179: 0.85306 | AA179: 0.88638 | AB179: 0.92137 | AC179: 0.928 | AD179: 0.81965 | AE179: 0.9764 | AF179: 1.04129 | AG179: 1.15551 | AH179: 1.17575 | AI179: 1.19085 | AJ179: 1.04639 | AK179: 1.28004 | AL179: 1.38943 | AM179: 1.22417 | AN179: 1.45656 | AO179: 1.55904 | AP179: 1.36946 | AQ179: 1.60626 | AR179: 1.65494 | AS179: 1.71542 | AT179: 1.70053 | AU179: 1.61535 | AV179: 2.18541 | AW179: 2.18309 | AX179: 2.22811 | AY179: 2.24338 | AZ179: 2.282 | BA179: 2.35372 | BB179: 2.37377 | BC179: 2.41853 | BD179: 2.32967 | BE179: 2.50344 | BF179: 2.48471 | BG179: 2.47524 | BH179: 2.45879 | BI179: 2.46077 | BJ179: 2.44534 | BK179: 2.45182 | BL179: 2.45795 | BM179: 2.4404 | BN179: 2.39904 | BO179: 2.43043 | BP179: 2.43044 | BQ179: 2.44765 | BR179: 2.44766 | BS179: 2.44768 | BV179: 2.43771 | BW179: 2.45577 | BX179: 2.43277 | BY179: 2.41057 | BZ179: 2.41059 | CA179: 2.4106 | CB179: 2.41061 | CC179: 2.41062 | CD179: 2.43587 | CE179: 2.43588 | CF179: 2.41789 | CG179: 2.42082 | CH179: 2.41292 | CI179: 2.41293 | CJ179: 2.41294 | CK179: 2.41295 | CL179: 2.41296 | CM179: 2.41797 | CN179: 2.41547 | CO179: 2.41548 | CP179: 2.41457 | CR179: 2.40393 | CS179: 2.40294 | CT179: 2.40429 | CU179: 2.4043 | CV179: 2.39931 | CW179: 2.39931 | CX179: 2.39932 | CY179: 2.39132 | CZ179: 2.39433 | DA179: 2.39433 | DB179: 2.27521
A180: 42264 | G180: 0.4693 | H180: 0.49658 | I180: 0.46054 | J180: 0.50016 | K180: 0.50624 | L180: 0.54601 | M180: 0.50973 | N180: 0.56596 | O180: 0.59832 | P180: 0.56739 | Q180: 0.60944 | R180: 0.6779 | S180: 0.72142 | T180: 0.62954 | U180: 0.65172 | V180: 0.6948 | W180: 0.75859 | X180: 0.76568 | Y180: 0.75411 | Z180: 0.80744 | AA180: 0.83936 | AB180: 0.86815 | AC180: 0.85467 | AD180: 0.76074 | AE180: 0.92645 | AF180: 0.97255 | AG180: 1.08851 | AH180: 1.11827 | AI180: 1.13294 | AJ180: 0.97564 | AK180: 1.22229 | AL180: 1.33406 | AM180: 1.16656 | AN180: 1.39319 | AO180: 1.50608 | AP180: 1.32036 | AQ180: 1.56298 | AR180: 1.6029 | AS180: 1.66189 | AT180: 1.64095 | AU180: 1.55615 | AV180: 2.14035 | AW180: 2.13351 | AX180: 2.1734 | AY180: 2.19993 | AZ180: 2.22989 | BA180: 2.30571 | BB180: 2.33117 | BC180: 2.39093 | BD180: 2.28558 | BE180: 2.461 | BF180: 2.44613 | BG180: 2.44947 | BH180: 2.43358 | BI180: 2.41291 | BJ180: 2.42363 | BK180: 2.40346 | BL180: 2.41866 | BM180: 2.40349 | BN180: 2.35561 | BO180: 2.39352 | BP180: 2.39353 | BQ180: 2.40873 | BR180: 2.40875 | BS180: 2.40877 | BV180: 2.3988 | BW180: 2.39881 | BX180: 2.39384 | BY180: 2.38884 | BZ180: 2.38886 | CA180: 2.38887 | CB180: 2.3737 | CC180: 2.36872 | CD180: 2.37891 | CE180: 2.37892 | CF180: 2.36375 | CG180: 2.37396 | CH180: 2.36898 | CI180: 2.36899 | CJ180: 2.369 | CK180: 2.36901 | CL180: 2.36902 | CM180: 2.37402 | CN180: 2.36153 | CO180: 2.36154 | CP180: 2.36563 | CR180: 2.36066 | CS180: 2.36387 | CT180: 2.36686 | CU180: 2.36687 | CV180: 2.36355 | CW180: 2.36356 | CX180: 2.3609 | CY180: 2.3559 | CZ180: 2.35591 | DA180: 2.35592 | DB180: 2.23562
A181: 42265 | G181: 0.45918 | H181: 0.49114 | I181: 0.46045 | J181: 0.49003 | K181: 0.49737 | L181: 0.54599 | M181: 0.50962 | N181: 0.56084 | O181: 0.58812 | P181: 0.53406 | Q181: 0.58743 | R181: 0.65203 | S181: 0.69567 | T181: 0.6051 | U181: 0.62843 | V181: 0.67375 | W181: 0.73524 | X181: 0.75979 | Y181: 0.72115 | Z181: 0.7766 | AA181: 0.80867 | AB181: 0.82703 | AC181: 0.80588 | AD181: 0.70648 | AE181: 0.88908 | AF181: 0.93606 | AG181: 1.06407 | AH181: 1.05896 | AI181: 1.09493 | AJ181: 0.91756 | AK181: 1.1736 | AL181: 1.27897 | AM181: 1.10179 | AN181: 1.33554 | AO181: 1.42992 | AP181: 1.24608 | AQ181: 1.48775 | AR181: 1.52882 | AS181: 1.588 | AT181: 1.57845 | AU181: 1.48556 | AV181: 2.07058 | AW181: 2.05865 | AX181: 2.10183 | AY181: 2.13827 | AZ181: 2.15404 | BA181: 2.23184 | BB181: 2.26035 | BC181: 2.31448 | BD181: 2.21519 | BE181: 2.38824 | BF181: 2.38314 | BG181: 2.38029 | BH181: 2.35408 | BI181: 2.36071 | BJ181: 2.35574 | BK181: 2.33465 | BL181: 2.35077 | BM181: 2.33468 | BN181: 2.28627 | BO181: 2.32471 | BP181: 2.32472 | BQ181: 2.34084 | BR181: 2.34086 | BS181: 2.34087 | BV181: 2.3309 | BW181: 2.34543 | BX181: 2.32595 | BY181: 2.32095 | BZ181: 2.32096 | CA181: 2.32097 | CB181: 2.30488 | CC181: 2.2999 | CD181: 2.32553 | CE181: 2.32554 | CF181: 2.29493 | CG181: 2.30606 | CH181: 2.30108 | CI181: 2.30109 | CJ181: 2.3011 | CK181: 2.30111 | CL181: 2.30112 | CM181: 2.30612 | CN181: 2.30363 | CO181: 2.30363 | CP181: 2.30057 | CR181: 2.29246 | CS181: 2.29672 | CT181: 2.29672 | CU181: 2.29673 | CV181: 2.29008 | CW181: 2.29009 | CX181: 2.29009 | CY181: 2.28509 | CZ181: 2.2851 | DA181: 2.28511 | DB181: 2.16548
A182: 42268 | G182: 0.49636 | H182: 0.44127 | I182: 0.45139 | J182: 0.51631 | K182: 0.54952 | L182: 0.52437 | M182: 0.49966 | N182: 0.55345 | O182: 0.61375 | P182: 0.59692 | Q182: 0.6601 | R182: 0.71564 | S182: 0.75971 | T182: 0.6743 | U182: 0.69511 | V182: 0.73898 | W182: 0.80197 | X182: 0.80582 | Y182: 0.79119 | Z182: 0.84509 | AA182: 0.87701 | AB182: 0.89035 | AC182: 0.87785 | AD182: 0.78519 | AE182: 0.94966 | AF182: 0.99176 | AG182: 1.11878 | AH182: 1.14488 | AI182: 1.16112 | AJ182: 0.99657 | AK182: 1.24179 | AL182: 1.34753 | AM182: 1.18456 | AN182: 1.4096 | AO182: 1.51413 | AP182: 1.33349 | AQ182: 1.56131 | AR182: 1.61127 | AS182: 1.67074 | AT182: 1.65414 | AU182: 1.57266 | AV182: 2.13653 | AW182: 2.13404 | AX182: 2.17811 | AY182: 2.21095 | AZ182: 2.23431 | BA182: 2.30534 | BB182: 2.32952 | BC182: 2.3855 | BD182: 2.2845 | BE182: 2.46195 | BF182: 2.45197 | BG182: 2.45055 | BH182: 2.434 | BI182: 2.42901 | BJ182: 2.42403 | BK182: 2.40378 | BL182: 2.41904 | BM182: 2.4038 | BN182: 2.3537 | BO182: 2.40907 | BP182: 2.40908 | BQ182: 2.40909 | BR182: 2.4091 | BS182: 2.40911 | BV182: 2.39913 | BW182: 2.39913 | BX182: 2.39416 | BY182: 2.38915 | BZ182: 2.38916 | CA182: 2.38917 | CB182: 2.37393 | CC182: 2.36894 | CD182: 2.37919 | CE182: 2.3792 | CF182: 2.37422 | CG182: 2.36396 | CH182: 2.36924 | CI182: 2.36925 | CJ182: 2.36925 | CK182: 2.36926 | CL182: 2.36926 | CM182: 2.37426 | CN182: 2.37176 | CO182: 2.37177 | CP182: 2.36937 | CR182: 2.36087 | CS182: 2.36602 | CT182: 2.36603 | CU182: 2.36603 | CV182: 2.35954 | CW182: 2.35954 | CX182: 2.35955 | CY182: 2.35455 | CZ182: 2.35455 | DA182: 2.35456 | DB182: 2.23475
A183: 42269 | G183: 0.48803 | H183: 0.51859 | I183: 0.47587 | J183: 0.50867 | K183: 0.52773 | L183: 0.53923 | M183: 0.50704 | N183: 0.56863 | O183: 0.60386 | P183: 0.57356 | Q183: 0.6247 | R183: 0.69013 | S183: 0.734 | T183: 0.64587 | U183: 0.66924 | V183: 0.71431 | W183: 0.77527 | X183: 0.83384 | Y183: 0.75956 | Z183: 0.81536 | AA183: 0.83818 | AB183: 0.85038 | AC183: 0.84136 | AD183: 0.7494 | AE183: 0.90966 | AF183: 0.95228 | AG183: 1.07709 | AH183: 1.0956 | AI183: 1.11898 | AJ183: 0.9536 | AK183: 1.19995 | AL183: 1.3042 | AM183: 1.13634 | AN183: 1.35392 | AO183: 1.45307 | AP183: 1.27274 | AQ183: 1.50025 | AR183: 1.5492 | AS183: 1.6085 | AT183: 1.58518 | AU183: 1.51164 | AV183: 2.07524 | AW183: 2.07451 | AX183: 2.11823 | AY183: 2.14963 | AZ183: 2.17343 | BA183: 2.24104 | BB183: 2.26618 | BC183: 2.3216 | BD183: 2.22026 | BE183: 2.40043 | BF183: 2.3852 | BG183: 2.38722 | BH183: 2.36221 | BI183: 2.3599 | BJ183: 2.36055 | BK183: 2.35026 | BL183: 2.35556 | BM183: 2.34277 | BN183: 2.29143 | BO183: 2.33279 | BP183: 2.3328 | BQ183: 2.34561 | BR183: 2.34561 | BS183: 2.34562 | BV183: 2.33564 | BW183: 2.33565 | BX183: 2.33067 | BY183: 2.32567 | BZ183: 2.32568 | CA183: 2.32568 | CB183: 2.31289 | CC183: 2.3079 | CD183: 2.31766 | CE183: 2.31767 | CF183: 2.31269 | CG183: 2.31269 | CH183: 2.3077 | CI183: 2.30771 | CJ183: 2.30771 | CK183: 2.30772 | CL183: 2.30773 | CM183: 2.31272 | CN183: 2.30548 | CO183: 2.30548 | CP183: 2.3071 | CR183: 2.30298 | CS183: 2.30432 | CT183: 2.30432 | CU183: 2.30433 | CV183: 2.29653 | CW183: 2.29654 | CX183: 2.29654 | CY183: 2.29154 | CZ183: 2.29155 | DA183: 2.29155 | DB183: 2.17305
A184: 42270 | G184: 0.48176 | H184: 0.42406 | I184: 0.46969 | J184: 0.51279 | K184: 0.53867 | L184: 0.53602 | M184: 0.50545 | N184: 0.56977 | O184: 0.60863 | P184: 0.60016 | Q184: 0.64403 | R184: 0.70539 | S184: 0.75114 | T184: 0.66354 | U184: 0.6861 | V184: 0.73291 | W184: 0.79279 | X184: 0.81704 | Y184: 0.77381 | Z184: 0.83001 | AA184: 0.8529 | AB184: 0.8641 | AC184: 0.85748 | AD184: 0.76602 | AE184: 0.92341 | AF184: 0.97668 | AG184: 1.09692 | AH184: 1.11635 | AI184: 1.13199 | AJ184: 0.96576 | AK184: 1.21289 | AL184: 1.31142 | AM184: 1.14569 | AN184: 1.36631 | AO184: 1.45031 | AP184: 1.27542 | AQ184: 1.49973 | AR184: 1.55191 | AS184: 1.61147 | AT184: 1.58549 | AU184: 1.51142 | AV184: 2.07553 | AW184: 2.07299 | AX184: 2.11878 | AY184: 2.14882 | AZ184: 2.17219 | BA184: 2.24066 | BB184: 2.26956 | BC184: 2.32258 | BD184: 2.22458 | BE184: 2.40575 | BF184: 2.39048 | BG184: 2.39086 | BH184: 2.37186 | BI184: 2.36521 | BJ184: 2.36592 | BK184: 2.35559 | BL184: 2.36095 | BM184: 2.348 | BN184: 2.29702 | BO184: 2.33802 | BP184: 2.33804 | BQ184: 2.35102 | BR184: 2.35104 | BS184: 2.35105 | BV184: 2.34108 | BW184: 2.3411 | BX184: 2.33613 | BY184: 2.33113 | BZ184: 2.31818 | CA184: 2.31819 | CB184: 2.3182 | CC184: 2.31322 | CD184: 2.32315 | CE184: 2.32316 | CF184: 2.31819 | CG184: 2.3182 | CH184: 2.31321 | CI184: 2.31322 | CJ184: 2.31323 | CK184: 2.31324 | CL184: 2.31325 | CM184: 2.32194 | CN184: 2.32028 | CO184: 2.32029 | CP184: 2.30734 | CR184: 2.30835 | CS184: 2.30541 | CT184: 2.30542 | CU184: 2.30543 | CV184: 2.30044 | CW184: 2.30045 | CX184: 2.30045 | CY184: 2.2854 | CZ184: 2.29546 | DA184: 2.29547 | DB184: 2.17748
A185: 42271 | G185: 0.47387 | H185: 0.50111 | I185: 0.46475 | J185: 0.50599 | K185: 0.54641 | L185: 0.52614 | M185: 0.49869 | N185: 0.56595 | O185: 0.61404 | P185: 0.57415 | Q185: 0.63189 | R185: 0.69087 | S185: 0.73687 | T185: 0.6468 | U185: 0.66997 | V185: 0.71641 | W185: 0.77692 | X185: 0.83522 | Y185: 0.76043 | Z185: 0.81636 | AA185: 0.8476 | AB185: 0.85822 | AC185: 0.85024 | AD185: 0.75826 | AE185: 0.91606 | AF185: 0.97553 | AG185: 1.09164 | AH185: 1.10847 | AI185: 1.13262 | AJ185: 0.96043 | AK185: 1.21238 | AL185: 1.29426 | AM185: 1.12973 | AN185: 1.34594 | AO185: 1.43822 | AP185: 1.2596 | AQ185: 1.48258 | AR185: 1.52942 | AS185: 1.58696 | AT185: 1.57748 | AU185: 1.49512 | AV185: 2.05623 | AW185: 2.05515 | AX185: 2.0978 | AY185: 2.1362 | AZ185: 2.15347 | BA185: 2.22282 | BB185: 2.25086 | BC185: 2.3052 | BD185: 2.2041 | BE185: 2.38076 | BF185: 2.37505 | BG185: 2.37281 | BH185: 2.35184 | BI185: 2.35161 | BJ185: 2.34665 | BK185: 2.34166 | BL185: 2.34168 | BM185: 2.32746 | BN185: 2.27635 | BO185: 2.31749 | BP185: 2.3175 | BQ185: 2.33175 | BR185: 2.33176 | BS185: 2.33178 | BV185: 2.32181 | BW185: 2.32182 | BX185: 2.31685 | BY185: 2.31185 | BZ185: 2.31187 | CA185: 2.31188 | CB185: 2.29766 | CC185: 2.29268 | CD185: 2.30289 | CE185: 2.3029 | CF185: 2.29793 | CG185: 2.29794 | CH185: 2.29295 | CI185: 2.29296 | CJ185: 2.29297 | CK185: 2.29298 | CL185: 2.29299 | CM185: 2.29799 | CN185: 2.2955 | CO185: 2.2955 | CP185: 2.29239 | CR185: 2.28782 | CS185: 2.28915 | CT185: 2.28916 | CU185: 2.28916 | CV185: 2.28186 | CW185: 2.28186 | CX185: 2.28187 | CY185: 2.2671 | CZ185: 2.27688 | DA185: 2.27689 | DB185: 2.15792
A186: 42272 | G186: 0.48774 | H186: 0.51259 | I186: 0.45981 | J186: 0.52118 | K186: 0.56342 | L186: 0.53597 | M186: 0.50348 | N186: 0.61124 | O186: 0.64675 | P186: 0.61786 | Q186: 0.66364 | R186: 0.72537 | S186: 0.75811 | T186: 0.68625 | U186: 0.70812 | V186: 0.75452 | W186: 0.81569 | X186: 0.87511 | Y186: 0.79987 | Z186: 0.85574 | AA186: 0.87627 | AB186: 0.90873 | AC186: 0.89764 | AD186: 0.80427 | AE186: 0.96587 | AF186: 1.03508 | AG186: 1.14728 | AH186: 1.16752 | AI186: 1.18515 | AJ186: 1.01743 | AK186: 1.26309 | AL186: 1.35446 | AM186: 1.18849 | AN186: 1.40944 | AO186: 1.4999 | AP186: 1.32652 | AQ186: 1.54845 | AR186: 1.59663 | AS186: 1.65494 | AT186: 1.63622 | AU186: 1.5613 | AV186: 2.11787 | AW186: 2.11663 | AX186: 2.16091 | AY186: 2.19232 | AZ186: 2.21705 | BA186: 2.27894 | BB186: 2.30787 | BC186: 2.36068 | BD186: 2.25854 | BE186: 2.43856 | BF186: 2.43288 | BG186: 2.43061 | BH186: 2.40931 | BI186: 2.40895 | BJ186: 2.40398 | BK186: 2.39899 | BL186: 2.39901 | BM186: 2.39404 | BN186: 2.33445 | BO186: 2.3752 | BP186: 2.37521 | BQ186: 2.38908 | BR186: 2.3891 | BS186: 2.38911 | BV186: 2.37915 | BW186: 2.37916 | BX186: 2.37419 | BY186: 2.36919 | BZ186: 2.36921 | CA186: 2.36922 | CB186: 2.36424 | CC186: 2.3504 | CD186: 2.35926 | CE186: 2.35927 | CF186: 2.35429 | CG186: 2.3543 | CH186: 2.34932 | CI186: 2.34933 | CJ186: 2.34934 | CK186: 2.34935 | CL186: 2.34936 | CM186: 2.35436 | CN186: 2.34807 | CO186: 2.34808 | CP186: 2.34944 | CR186: 2.34554 | CS186: 2.34655 | CT186: 2.34656 | CU186: 2.34656 | CV186: 2.33958 | CW186: 2.33958 | CX186: 2.33959 | CY186: 2.33459 | CZ186: 2.3346 | DA186: 2.33461 | DB186: 2.21531
A187: 42275 | G187: 0.49488 | H187: 0.52362 | I187: 0.46571 | J187: 0.51504 | K187: 0.55305 | L187: 0.54013 | M187: 0.50637 | N187: 0.60789 | O187: 0.62042 | P187: 0.58387 | Q187: 0.62004 | R187: 0.69163 | S187: 0.72476 | T187: 0.64194 | U187: 0.66425 | V187: 0.70914 | W187: 0.7711 | X187: 0.77136 | Y187: 0.75487 | Z187: 0.80953 | AA187: 0.83115 | AB187: 0.84398 | AC187: 0.83322 | AD187: 0.7413 | AE187: 0.90396 | AF187: 0.95976 | AG187: 1.07838 | AH187: 1.09302 | AI187: 1.11907 | AJ187: 0.94831 | AK187: 1.19349 | AL187: 1.2762 | AM187: 1.11468 | AN187: 1.3294 | AO187: 1.41084 | AP187: 1.23631 | AQ187: 1.45884 | AR187: 1.50226 | AS187: 1.55328 | AT187: 1.54543 | AU187: 1.46914 | AV187: 2.02808 | AW187: 2.02676 | AX187: 2.06981 | AY187: 2.10832 | AZ187: 2.12711 | BA187: 2.19936 | BB187: 2.22582 | BC187: 2.28865 | BD187: 2.18311 | BE187: 2.36 | BF187: 2.35581 | BG187: 2.35269 | BH187: 2.33534 | BI187: 2.33035 | BJ187: 2.32537 | BK187: 2.32037 | BL187: 2.32475 | BM187: 2.31541 | BN187: 2.25415 | BO187: 2.2945 | BP187: 2.31042 | BQ187: 2.31042 | BR187: 2.31043 | BS187: 2.31044 | BV187: 2.30046 | BW187: 2.30047 | BX187: 2.29549 | BY187: 2.29049 | BZ187: 2.2905 | CA187: 2.2905 | CB187: 2.28552 | CC187: 2.26962 | CD187: 2.27955 | CE187: 2.27956 | CF187: 2.26463 | CG187: 2.27459 | CH187: 2.2696 | CI187: 2.26961 | CJ187: 2.26962 | CK187: 2.26962 | CL187: 2.26963 | CM187: 2.27463 | CN187: 2.27213 | CO187: 2.27213 | CP187: 2.26915 | CR187: 2.2647 | CS187: 2.26538 | CT187: 2.26539 | CU187: 2.26539 | CV187: 2.25872 | CW187: 2.25872 | CX187: 2.25873 | CY187: 2.25372 | CZ187: 2.25373 | DA187: 2.25373 | DB187: 2.13411
A188: 42276 | G188: 0.49319 | H188: 0.43615 | I188: 0.46565 | J188: 0.51351 | K188: 0.55186 | L188: 0.54012 | M188: 0.50634 | N188: 0.60625 | O188: 0.61909 | P188: 0.58288 | Q188: 0.61852 | R188: 0.68995 | S188: 0.72315 | T188: 0.64042 | U188: 0.6619 | V188: 0.70704 | W188: 0.7694 | X188: 0.82686 | Y188: 0.75019 | Z188: 0.80602 | AA188: 0.82605 | AB188: 0.8404 | AC188: 0.83044 | AD188: 0.73937 | AE188: 0.89883 | AF188: 0.96207 | AG188: 1.07263 | AH188: 1.08671 | AI188: 1.1144 | AJ188: 0.9578 | AK188: 1.18821 | AL188: 1.2683 | AM188: 1.11301 | AN188: 1.32804 | AO188: 1.40712 | AP188: 1.23262 | AQ188: 1.45144 | AR188: 1.4948 | AS188: 1.54582 | AT188: 1.53543 | AU188: 1.4616 | AV188: 2.02362 | AW188: 2.02234 | AX188: 2.06555 | AY188: 2.09695 | AZ188: 2.12137 | BA188: 2.19469 | BB188: 2.22471 | BC188: 2.28163 | BD188: 2.17707 | BE188: 2.35311 | BF188: 2.34313 | BG188: 2.34449 | BH188: 2.32216 | BI188: 2.3155 | BJ188: 2.31551 | BK188: 2.30519 | BL188: 2.31052 | BM188: 2.29766 | BN188: 2.24689 | BO188: 2.28767 | BP188: 2.28768 | BQ188: 2.30056 | BR188: 2.30057 | BS188: 2.30058 | BV188: 2.2906 | BW188: 2.29061 | BX188: 2.28563 | BY188: 2.28063 | BZ188: 2.26776 | CA188: 2.26777 | CB188: 2.26778 | CC188: 2.26279 | CD188: 2.2726 | CE188: 2.27261 | CF188: 2.26762 | CG188: 2.26763 | CH188: 2.26264 | CI188: 2.26264 | CJ188: 2.26265 | CK188: 2.26265 | CL188: 2.26266 | CM188: 2.26765 | CN188: 2.26515 | CO188: 2.26516 | CP188: 2.2571 | CR188: 2.25786 | CS188: 2.25541 | CT188: 2.25541 | CU188: 2.25542 | CV188: 2.25043 | CW188: 2.25043 | CX188: 2.25043 | CY188: 2.24543 | CZ188: 2.24543 | DA188: 2.24544 | DB188: 2.12726
A189: 42277 | G189: 0.4867 | H189: 0.50288 | I189: 0.44964 | J189: 0.51613 | K189: 0.53454 | L189: 0.53684 | M189: 0.50471 | N189: 0.60594 | O189: 0.63939 | P189: 0.60087 | Q189: 0.63633 | R189: 0.70965 | S189: 0.74214 | T189: 0.62739 | U189: 0.6704 | V189: 0.71429 | W189: 0.77527 | X189: 0.82178 | Y189: 0.75007 | Z189: 0.80497 | AA189: 0.82676 | AB189: 0.87204 | AC189: 0.85526 | AD189: 0.75985 | AE189: 0.92545 | AF189: 0.98757 | AG189: 1.13277 | AH189: 1.119 | AI189: 1.1456 | AJ189: 0.97609 | AK189: 1.21961 | AL189: 1.29858 | AM189: 1.14332 | AN189: 1.36071 | AO189: 1.43 | AP189: 1.25156 | AQ189: 1.47507 | AR189: 1.51192 | AS189: 1.56982 | AT189: 1.56776 | AU189: 1.47992 | AV189: 2.05157 | AW189: 2.0493 | AX189: 2.09166 | AY189: 2.12328 | AZ189: 2.14379 | BA189: 2.21894 | BB189: 2.2455 | BC189: 2.31014 | BD189: 2.20059 | BE189: 2.38282 | BF189: 2.37732 | BG189: 2.3742 | BH189: 2.35157 | BI189: 2.35039 | BJ189: 2.34542 | BK189: 2.34043 | BL189: 2.34045 | BM189: 2.33067 | BN189: 2.27405 | BO189: 2.31707 | BP189: 2.31709 | BQ189: 2.33052 | BR189: 2.33054 | BS189: 2.33055 | BV189: 2.32059 | BW189: 2.3206 | BX189: 2.31562 | BY189: 2.31063 | BZ189: 2.31064 | CA189: 2.31065 | CB189: 2.30568 | CC189: 2.29227 | CD189: 2.28728 | CE189: 2.28729 | CF189: 2.29475 | CG189: 2.29476 | CH189: 2.28978 | CI189: 2.28979 | CJ189: 2.2898 | CK189: 2.2898 | CL189: 2.28981 | CM189: 2.29481 | CN189: 2.28932 | CO189: 2.28933 | CP189: 2.29439 | CR189: 2.28741 | CS189: 2.28776 | CT189: 2.28777 | CU189: 2.28777 | CV189: 2.28094 | CW189: 2.28095 | CX189: 2.28095 | CY189: 2.27595 | CZ189: 2.27596 | DA189: 2.27596 | DB189: 2.15801
A190: 42278 | G190: 0.47889 | H190: 0.51005 | I190: 0.44954 | J190: 0.51421 | K190: 0.5565 | L190: 0.53682 | M190: 0.50277 | N190: 0.60755 | O190: 0.6385 | P190: 0.60075 | Q190: 0.64507 | R190: 0.70768 | S190: 0.74073 | T190: 0.64309 | U190: 0.66556 | V190: 0.71038 | W190: 0.7707 | X190: 0.79372 | Y190: 0.75029 | Z190: 0.80661 | AA190: 0.8297 | AB190: 0.86478 | AC190: 0.85055 | AD190: 0.75861 | AE190: 0.9183 | AF190: 0.98103 | AG190: 1.0953 | AH190: 1.10638 | AI190: 1.13629 | AJ190: 0.98066 | AK190: 1.21028 | AL190: 1.28341 | AM190: 1.13125 | AN190: 1.34036 | AO190: 1.40423 | AP190: 1.23391 | AQ190: 1.4493 | AR190: 1.48858 | AS190: 1.53962 | AT190: 1.53309 | AU190: 1.46141 | AV190: 2.03334 | AW190: 2.03118 | AX190: 2.07638 | AY190: 2.10128 | AZ190: 2.13147 | BA190: 2.20662 | BB190: 2.23406 | BC190: 2.29666 | BD190: 2.18585 | BE190: 2.37596 | BF190: 2.36043 | BG190: 2.36121 | BH190: 2.33882 | BI190: 2.33217 | BJ190: 2.33115 | BK190: 2.32054 | BL190: 2.33098 | BM190: 2.31725 | BN190: 2.26234 | BO190: 2.30245 | BP190: 2.30246 | BQ190: 2.31625 | BR190: 2.31626 | BS190: 2.31628 | BV190: 2.30631 | BW190: 2.30632 | BX190: 2.30135 | BY190: 2.29635 | BZ190: 2.2826 | CA190: 2.29638 | CB190: 2.28262 | CC190: 2.27764 | CD190: 2.28836 | CE190: 2.28837 | CF190: 2.28339 | CG190: 2.2834 | CH190: 2.27842 | CI190: 2.27843 | CJ190: 2.27844 | CK190: 2.27845 | CL190: 2.27846 | CM190: 2.28011 | CN190: 2.27761 | CO190: 2.27762 | CP190: 2.2687 | CR190: 2.26942 | CS190: 2.26373 | CT190: 2.26206 | CU190: 2.26207 | CV190: 2.25269 | CW190: 2.2527 | CX190: 2.2502 | CY190: 2.25661 | CZ190: 2.25446 | DA190: 2.25446 | DB190: 2.14338
... A230: 42338 | G230: 0.25252 | H230: 0.22002 | I230: 0.52707 | J230: 0.5521 | K230: 0.57899 | L230: 0.60826 | M230: 0.5536 | N230: 0.65715 | O230: 0.64287 | P230: 0.70492 | Q230: 0.74398 | R230: 0.80112 | S230: 0.82717 | T230: 0.763 | U230: 0.78737 | V230: 0.83034 | W230: 0.88837 | X230: 0.91942 | Y230: 0.87877 | Z230: 0.92742 | AA230: 0.9506 | AB230: 0.94553 | AC230: 0.95046 | AD230: 0.85452 | AE230: 1.05447 | AF230: 1.06289 | AG230: 1.16252 | AH230: 1.18723 | AI230: 1.22174 | AJ230: 1.05684 | AK230: 1.30645 | AL230: 1.40158 | AM230: 1.24128 | AN230: 1.47404 | AO230: 1.54334 | AP230: 1.36521 | AQ230: 1.5916 | AR230: 1.64045 | AS230: 1.69347 | AT230: 1.69981 | AU230: 1.59564 | AV230: 2.14868 | AW230: 2.13091 | AX230: 2.19461 | AY230: 2.23037 | AZ230: 2.25119 | BA230: 2.30077 | BB230: 2.34578 | BC230: 2.4014 | BD230: 2.29928 | BE230: 2.46419 | BF230: 2.45422 | BG230: 2.43089 | BH230: 2.42825 | BI230: 2.42725 | BJ230: 2.40561 | BK230: 2.40729 | BL230: 2.40231 | BM230: 2.39565 | BN230: 2.33433 | BO230: 2.39232 | BP230: 2.38733 | BQ230: 2.38234 | BR230: 2.38235 | BS230: 2.39734 | BV230: 2.37238 | BW230: 2.37239 | BX230: 2.3724 | BY230: 2.3824 | BZ230: 2.37743 | CA230: 2.37743 | CB230: 2.3691 | CC230: 2.37245 | CD230: 2.37246 | CE230: 2.37247 | CF230: 2.36747 | CG230: 2.37397 | CH230: 2.37397 | CI230: 2.37398 | CJ230: 2.36248 | CK230: 2.36249 | CL230: 2.36249 | CM230: 2.35751 | CN230: 2.34503 | CO230: 2.34503 | CP230: 2.34918 | CR230: 2.3442 | CS230: 2.34753 | CT230: 2.35054 | CU230: 2.35054 | CV230: 2.34722 | CW230: 2.34722 | CX230: 2.34456 | CY230: 2.33957 | CZ230: 2.33957 | DA230: 2.33958 | DB230: 2.2226
A231: 42339 | I231: 0.52687 | J231: 0.54958 | K231: 0.55779 | L231: 0.60824 | M231: 0.55303 | N231: 0.66115 | O231: 0.63645 | P231: 0.6721 | Q231: 0.71208 | R231: 0.76927 | S231: 0.79456 | T231: 0.73102 | U231: 0.75624 | V231: 0.79966 | W231: 0.85746 | X231: 0.87954 | Y231: 0.84171 | Z231: 0.89193 | AA231: 0.92124 | AB231: 0.89996 | AC231: 0.90307 | AD231: 0.80706 | AE231: 1.00648 | AF231: 1.02282 | AG231: 1.13255 | AH231: 1.14199 | AI231: 1.1784 | AJ231: 1.00557 | AK231: 1.25531 | AL231: 1.34401 | AM231: 1.188 | AN231: 1.41384 | AO231: 1.46491 | AP231: 1.29111 | AQ231: 1.51804 | AR231: 1.56339 | AS231: 1.61978 | AT231: 1.62448 | AU231: 1.52269 | AV231: 2.07183 | AW231: 2.05347 | AX231: 2.11731 | AY231: 2.15287 | AZ231: 2.17442 | BA231: 2.21565 | BB231: 2.26753 | BC231: 2.3274 | BD231: 2.23324 | BE231: 2.40401 | BF231: 2.39469 | BG231: 2.37493 | BH231: 2.36861 | BI231: 2.36872 | BJ231: 2.34642 | BK231: 2.34815 | BL231: 2.34317 | BM231: 2.33646 | BN231: 2.27811 | BO231: 2.32802 | BP231: 2.32803 | BQ231: 2.32305 | BR231: 2.32306 | BS231: 2.3382 | BV231: 2.31308 | BW231: 2.31309 | BX231: 2.3131 | BY231: 2.32824 | BZ231: 2.32327 | CA231: 2.32328 | CB231: 2.3183 | CC231: 2.3183 | CD231: 2.32631 | CE231: 2.32632 | CF231: 2.30833 | CG231: 2.31616 | CH231: 2.31617 | CI231: 2.31617 | CJ231: 2.30334 | CK231: 2.30334 | CL231: 2.30335 | CM231: 2.29837 | CN231: 2.28588 | CO231: 2.28589 | CP231: 2.28998 | CR231: 2.2809 | CS231: 2.28823 | CT231: 2.28823 | CU231: 2.28824 | CV231: 2.28858 | CW231: 2.28858 | CX231: 2.28859 | CY231: 2.28126 | CZ231: 2.28127 | DA231: 2.28127 | DB231: 2.16341
A232: 42340 | I232: 0.51539 | J232: 0.55065 | K232: 0.57063 | L232: 0.60467 | M232: 0.55413 | N232: 0.66075 | O232: 0.65443 | P232: 0.6945 | Q232: 0.73262 | R232: 0.7884 | S232: 0.8145 | T232: 0.74821 | U232: 0.77411 | V232: 0.81891 | W232: 0.87616 | X232: 0.93239 | Y232: 0.86354 | Z232: 0.91389 | AA232: 0.94284 | AB232: 0.92543 | AC232: 0.92758 | AD232: 0.83318 | AE232: 1.03074 | AF232: 1.04849 | AG232: 1.15345 | AH232: 1.16445 | AI232: 1.19996 | AJ232: 1.02808 | AK232: 1.27761 | AL232: 1.35559 | AM232: 1.20154 | AN232: 1.42698 | AO232: 1.48606 | AP232: 1.3097 | AQ232: 1.53136 | AR232: 1.58364 | AS232: 1.6389 | AT232: 1.63367 | AU232: 1.53478 | AV232: 2.08841 | AW232: 2.06935 | AX232: 2.13201 | AY232: 2.16746 | AZ232: 2.19417 | BA232: 2.24213 | BB232: 2.28329 | BC232: 2.32846 | BD232: 2.23562 | BE232: 2.40302 | BF232: 2.3934 | BG232: 2.37375 | BH232: 2.36653 | BI232: 2.36155 | BJ232: 2.34482 | BK232: 2.3461 | BL232: 2.34113 | BM232: 2.33488 | BN232: 2.27529 | BO232: 2.33616 | BP232: 2.33618 | BQ232: 2.32242 | BR232: 2.32244 | BS232: 2.3362 | BV232: 2.31249 | BW232: 2.3125 | BX232: 2.31252 | BY232: 2.32627 | BZ232: 2.30754 | CA232: 2.30755 | CB232: 2.31634 | CC232: 2.31635 | CD232: 2.32388 | CE232: 2.3239 | CF232: 2.30639 | CG232: 2.31514 | CH232: 2.31515 | CI232: 2.31516 | CJ232: 2.30141 | CK232: 2.30142 | CL232: 2.30143 | CM232: 2.28647 | CN232: 2.28398 | CO232: 2.28399 | CP232: 2.28855 | CR232: 2.27901 | CS232: 2.28773 | CT232: 2.29108 | CU232: 2.29109 | CV232: 2.28777 | CW232: 2.28778 | CX232: 2.29029 | CY232: 2.2803 | CZ232: 2.28031 | DA232: 2.28032 | DB232: 2.16285
A233: 42341 | I233: 0.56979 | J233: 0.562 | K233: 0.59144 | L233: 0.63211 | M233: 0.56559 | N233: 0.67034 | O233: 0.66916 | P233: 0.72728 | Q233: 0.76605 | R233: 0.82388 | S233: 0.84902 | T233: 0.78704 | U233: 0.81279 | V233: 0.8729 | W233: 0.91399 | X233: 0.92246 | Y233: 0.91377 | Z233: 0.96321 | AA233: 0.98593 | AB233: 0.99466 | AC233: 1.0006 | AD233: 0.9048 | AE233: 1.09344 | AF233: 1.11914 | AG233: 1.23656 | AH233: 1.2406 | AI233: 1.27504 | AJ233: 1.11187 | AK233: 1.35841 | AL233: 1.45003 | AM233: 1.29194 | AN233: 1.52047 | AO233: 1.60631 | AP233: 1.41854 | AQ233: 1.64178 | AR233: 1.69928 | AS233: 1.75234 | AT233: 1.75451 | AU233: 1.64527 | AV233: 2.19186 | AW233: 2.17411 | AX233: 2.23636 | AY233: 2.27796 | AZ233: 2.29452 | BA233: 2.34035 | BB233: 2.38075 | BC233: 2.43551 | BD233: 2.33967 | BE233: 2.5041 | BF233: 2.49447 | BG233: 2.47488 | BH233: 2.46808 | BI233: 2.4631 | BJ233: 2.44491 | BK233: 2.44665 | BL233: 2.44168 | BM233: 2.43497 | BN233: 2.37464 | BO233: 2.42654 | BP233: 2.42656 | BQ233: 2.42158 | BR233: 2.42159 | BS233: 2.43675 | BV233: 2.41165 | BW233: 2.41166 | BX233: 2.41167 | BY233: 2.42682 | BZ233: 2.42186 | CA233: 2.40671 | CB233: 2.4169 | CC233: 2.41691 | CD233: 2.42543 | CE233: 2.42544 | CF233: 2.40695 | CG233: 2.41529 | CH233: 2.4153 | CI233: 2.41531 | CJ233: 2.387 | CK233: 2.38701 | CL233: 2.38702 | CM233: 2.39703 | CN233: 2.38454 | CO233: 2.38455 | CP233: 2.38206 | CR233: 2.37958 | CS233: 2.37959 | CT233: 2.38691 | CU233: 2.3771 | CV233: 2.38793 | CW233: 2.38794 | CX233: 2.38794 | CY233: 2.38096 | CZ233: 2.38097 | DA233: 2.37114 | DB233: 2.262
A234: 42342 | I234: 0.55053 | J234: 0.55249 | K234: 0.57121 | L234: 0.62225 | M234: 0.56045 | N234: 0.65967 | O234: 0.65276 | P234: 0.69432 | Q234: 0.73441 | R234: 0.79219 | S234: 0.81708 | T234: 0.7581 | U234: 0.78393 | V234: 0.82836 | W234: 0.88503 | X234: 0.95073 | Y234: 0.88171 | Z234: 0.93246 | AA234: 0.96491 | AB234: 0.95418 | AC234: 0.95585 | AD234: 0.86084 | AE234: 1.05896 | AF234: 1.07766 | AG234: 1.18471 | AH234: 1.18821 | AI234: 1.22305 | AJ234: 1.0592 | AK234: 1.30666 | AL234: 1.39448 | AM234: 1.23706 | AN234: 1.46309 | AO234: 1.55308 | AP234: 1.37139 | AQ234: 1.5936 | AR234: 1.64921 | AS234: 1.70453 | AT234: 1.70091 | AU234: 1.59729 | AV234: 2.15093 | AW234: 2.13129 | AX234: 2.19524 | AY234: 2.23566 | AZ234: 2.25825 | BA234: 2.30721 | BB234: 2.35196 | BC234: 2.39397 | BD234: 2.3026 | BE234: 2.47237 | BF234: 2.4624 | BG234: 2.43795 | BH234: 2.43654 | BI234: 2.4358 | BJ234: 2.41351 | BK234: 2.41561 | BL234: 2.41064 | BM234: 2.40358 | BN234: 2.34112 | BO234: 2.39444 | BP234: 2.39446 | BQ234: 2.38948 | BR234: 2.3895 | BS234: 2.4057 | BV234: 2.37955 | BW234: 2.37956 | BX234: 2.37958 | BY234: 2.39577 | BZ234: 2.39081 | CA234: 2.39083 | CB234: 2.38586 | CC234: 2.38587 | CD234: 2.39338 | CE234: 2.3934 | CF234: 2.37591 | CG234: 2.38218 | CH234: 2.38219 | CI234: 2.38221 | CJ234: 2.37094 | CK234: 2.37095 | CL234: 2.37096 | CM234: 2.36598 | CN234: 2.3535 | CO234: 2.35351 | CP234: 2.35725 | CR234: 2.34854 | CS234: 2.35229 | CT234: 2.35481 | CU234: 2.35482 | CV234: 2.35283 | CW234: 2.35284 | CX234: 2.35517 | CY234: 2.34785 | CZ234: 2.34786 | DA234: 2.34787 | DB234: 2.23023
A235: 42345 | I235: 0.56417 | J235: 0.54479 | K235: 0.55884 | L235: 0.62786 | M235: 0.56482 | N235: 0.65837 | O235: 0.64873 | P235: 0.67459 | Q235: 0.71282 | R235: 0.77084 | S235: 0.79678 | T235: 0.72852 | U235: 0.75349 | V235: 0.81393 | W235: 0.85532 | X235: 0.91913 | Y235: 0.84981 | Z235: 0.9005 | AA235: 0.92762 | AB235: 0.91426 | AC235: 0.91613 | AD235: 0.82083 | AE235: 1.00537 | AF235: 1.04286 | AG235: 1.14268 | AH235: 1.15314 | AI235: 1.18836 | AJ235: 1.01752 | AK235: 1.26486 | AL235: 1.34896 | AM235: 1.19455 | AN235: 1.42305 | AO235: 1.49316 | AP235: 1.3063 | AQ235: 1.53364 | AR235: 1.58611 | AS235: 1.64315 | AT235: 1.63485 | AU235: 1.53672 | AV235: 2.09153 | AW235: 2.07213 | AX235: 2.13445 | AY235: 2.17017 | AZ235: 2.20216 | BA235: 2.24768 | BB235: 2.28105 | BC235: 2.34143 | BD235: 2.24161 | BE235: 2.41131 | BF235: 2.40067 | BG235: 2.37639 | BH235: 2.37534 | BI235: 2.37404 | BJ235: 2.35239 | BK235: 2.35438 | BL235: 2.3494 | BM235: 2.34243 | BN235: 2.28196 | BO235: 2.34441 | BP235: 2.34442 | BQ235: 2.3285 | BR235: 2.32851 | BS235: 2.34442 | BV235: 2.31854 | BW235: 2.31855 | BX235: 2.31856 | BY235: 2.33446 | BZ235: 2.31357 | CA235: 2.3295 | CB235: 2.32452 | CC235: 2.33605 | CD235: 2.33106 | CE235: 2.33107 | CF235: 2.31456 | CG235: 2.32014 | CH235: 2.32014 | CI235: 2.32015 | CJ235: 2.30957 | CK235: 2.30957 | CL235: 2.30958 | CM235: 2.3046 | CN235: 2.29211 | CO235: 2.29211 | CP235: 2.29595 | CR235: 2.29097 | CS235: 2.29368 | CT235: 2.29369 | CU235: 2.29369 | CV235: 2.29072 | CW235: 2.29073 | CX235: 2.29339 | CY235: 2.28573 | CZ235: 2.28574 | DA235: 2.28574 | DB235: 2.16875
A236: 42346 | I236: 0.54368 | J236: 0.53931 | K236: 0.57782 | L236: 0.59718 | M236: 0.54909 | N236: 0.64723 | O236: 0.63769 | P236: 0.64385 | Q236: 0.67959 | R236: 0.74251 | S236: 0.76783 | T236: 0.70225 | U236: 0.718 | V236: 0.77121 | W236: 0.8294 | X236: 0.86479 | Y236: 0.82174 | Z236: 0.87108 | AA236: 0.89942 | AB236: 0.89093 | AC236: 0.89063 | AD236: 0.79616 | AE236: 0.99622 | AF236: 1.01346 | AG236: 1.11774 | AH236: 1.12363 | AI236: 1.16144 | AJ236: 0.995 | AK236: 1.24307 | AL236: 1.33186 | AM236: 1.17382 | AN236: 1.39729 | AO236: 1.48516 | AP236: 1.31377 | AQ236: 1.5257 | AR236: 1.58317 | AS236: 1.64007 | AT236: 1.63075 | AU236: 1.53591 | AV236: 2.09115 | AW236: 2.07237 | AX236: 2.13551 | AY236: 2.16992 | AZ236: 2.19661 | BA236: 2.24577 | BB236: 2.29591 | BC236: 2.33614 | BD236: 2.24247 | BE236: 2.41619 | BF236: 2.40621 | BG236: 2.38287 | BH236: 2.38025 | BI236: 2.37991 | BJ236: 2.3576 | BK236: 2.35929 | BL236: 2.35431 | BM236: 2.34764 | BN236: 2.28859 | BO236: 2.3393 | BP236: 2.33931 | BQ236: 2.33432 | BR236: 2.33433 | BS236: 2.34933 | BV236: 2.32436 | BW236: 2.32437 | BX236: 2.32438 | BY236: 2.33938 | BZ236: 2.31939 | CA236: 2.33441 | CB236: 2.32944 | CC236: 2.32944 | CD236: 2.33695 | CE236: 2.33696 | CF236: 2.31946 | CG236: 2.32694 | CH236: 2.32695 | CI236: 2.32695 | CJ236: 2.31447 | CK236: 2.31448 | CL236: 2.31449 | CM236: 2.30951 | CN236: 2.29702 | CO236: 2.29702 | CP236: 2.30117 | CR236: 2.29204 | CS236: 2.29951 | CT236: 2.29951 | CU236: 2.29952 | CV236: 2.29986 | CW236: 2.29986 | CX236: 2.29986 | CY236: 2.29254 | CZ236: 2.29254 | DA236: 2.29255 | DB236: 2.17459
A237: 42347 | I237: 0.53066 | J237: 0.52739 | K237: 0.56983 | L237: 0.5926 | M237: 0.54713 | N237: 0.64002 | O237: 0.62563 | P237: 0.61715 | Q237: 0.65607 | R237: 0.71337 | S237: 0.73954 | T237: 0.6654 | U237: 0.69177 | V237: 0.73611 | W237: 0.79308 | X237: 0.85874 | Y237: 0.78934 | Z237: 0.83909 | AA237: 0.86714 | AB237: 0.86346 | AC237: 0.86405 | AD237: 0.76841 | AE237: 0.96684 | AF237: 0.98667 | AG237: 1.07068 | AH237: 1.09363 | AI237: 1.12924 | AJ237: 0.96808 | AK237: 1.21357 | AL237: 1.30101 | AM237: 1.14908 | AN237: 1.3731 | AO237: 1.46168 | AP237: 1.28983 | AQ237: 1.51558 | AR237: 1.56437 | AS237: 1.61992 | AT237: 1.61395 | AU237: 1.51133 | AV237: 2.07045 | AW237: 2.05879 | AX237: 2.12194 | AY237: 2.15783 | AZ237: 2.18454 | BA237: 2.23408 | BB237: 2.28151 | BC237: 2.33165 | BD237: 2.23363 | BE237: 2.41124 | BF237: 2.40065 | BG237: 2.38454 | BH237: 2.37618 | BI237: 2.3712 | BJ237: 2.35371 | BK237: 2.35576 | BL237: 2.35078 | BM237: 2.33982 | BN237: 2.28752 | BO237: 2.34581 | BP237: 2.34583 | BQ237: 2.33075 | BR237: 2.33077 | BS237: 2.34486 | BV237: 2.33588 | BW237: 2.32083 | BX237: 2.32085 | BY237: 2.33592 | BZ237: 2.33096 | CA237: 2.33097 | CB237: 2.326 | CC237: 2.32601 | CD237: 2.32602 | CE237: 2.32603 | CF237: 2.31604 | CG237: 2.32543 | CH237: 2.32544 | CI237: 2.32545 | CJ237: 2.31107 | CK237: 2.31108 | CL237: 2.31109 | CM237: 2.29514 | CN237: 2.29265 | CO237: 2.29266 | CP237: 2.29743 | CR237: 2.28769 | CS237: 2.29606 | CT237: 2.29607 | CU237: 2.29608 | CV237: 2.29675 | CW237: 2.29675 | CX237: 2.30009 | CY237: 2.28912 | CZ237: 2.28912 | DA237: 2.28913 | DB237: 2.17264
A238: 42348 | I238: 0.52086 | J238: 0.52279 | K238: 0.56907 | L238: 0.58765 | M238: 0.54232 | N238: 0.63726 | O238: 0.62726 | P238: 0.61711 | Q238: 0.65179 | R238: 0.71371 | S238: 0.73979 | T238: 0.66783 | U238: 0.69414 | V238: 0.73831 | W238: 0.79575 | X238: 0.86175 | Y238: 0.79187 | Z238: 0.84139 | AA238: 0.87075 | AB238: 0.85794 | AC238: 0.86033 | AD238: 0.76511 | AE238: 0.94979 | AF238: 0.97941 | AG238: 1.06278 | AH238: 1.0873 | AI238: 1.12308 | AJ238: 0.96198 | AK238: 1.20723 | AL238: 1.29707 | AM238: 1.14298 | AN238: 1.36782 | AO238: 1.45575 | AP238: 1.284 | AQ238: 1.50473 | AR238: 1.55544 | AS238: 1.60849 | AT238: 1.60437 | AU238: 1.50493 | AV238: 2.07041 | AW238: 2.05803 | AX238: 2.1216 | AY238: 2.15804 | AZ238: 2.18957 | BA238: 2.23299 | BB238: 2.27949 | BC238: 2.33515 | BD238: 2.23461 | BE238: 2.40756 | BF238: 2.39763 | BG238: 2.38104 | BH238: 2.37268 | BI238: 2.3677 | BJ238: 2.35103 | BK238: 2.35275 | BL238: 2.34778 | BM238: 2.3378 | BN238: 2.28608 | BO238: 2.3327 | BP238: 2.33271 | BQ238: 2.32774 | BR238: 2.32775 | BS238: 2.34285 | BV238: 2.3178 | BW238: 2.31782 | BX238: 2.31783 | BY238: 2.33292 | BZ238: 2.32796 | CA238: 2.32797 | CB238: 2.31288 | CC238: 2.32301 | CD238: 2.33252 | CE238: 2.33253 | CF238: 2.31304 | CG238: 2.32243 | CH238: 2.32244 | CI238: 2.32245 | CJ238: 2.30807 | CK238: 2.30808 | CL238: 2.30809 | CM238: 2.30312 | CN238: 2.29641 | CO238: 2.29642 | CP238: 2.29856 | CR238: 2.28979 | CS238: 2.29538 | CT238: 2.29539 | CU238: 2.29539 | CV238: 2.28908 | CW238: 2.28908 | CX238: 2.28909 | CY238: 2.2841 | CZ238: 2.2841 | DA238: 2.28411 | DB238: 2.16827
A239: 42349 | I239: 0.52043 | J239: 0.50645 | K239: 0.558 | L239: 0.58859 | M239: 0.54266 | N239: 0.62697 | O239: 0.59191 | P239: 0.5576 | Q239: 0.58292 | R239: 0.65629 | S239: 0.68261 | T239: 0.62488 | U239: 0.63464 | V239: 0.67778 | W239: 0.73717 | X239: 0.77054 | Y239: 0.72142 | Z239: 0.77603 | AA239: 0.80383 | AB239: 0.78548 | AC239: 0.78685 | AD239: 0.69221 | AE239: 0.89037 | AF239: 0.90411 | AG239: 0.98692 | AH239: 1.01197 | AI239: 1.04674 | AJ239: 0.8868 | AK239: 1.13117 | AL239: 1.22789 | AM239: 1.07077 | AN239: 1.29406 | AO239: 1.38745 | AP239: 1.20365 | AQ239: 1.43201 | AR239: 1.48267 | AS239: 1.53571 | AT239: 1.53123 | AU239: 1.43279 | AV239: 2.00136 | AW239: 1.98863 | AX239: 2.04907 | AY239: 2.0865 | AZ239: 2.11742 | BA239: 2.16316 | BB239: 2.21885 | BC239: 2.26598 | BD239: 2.16569 | BE239: 2.33517 | BF239: 2.3251 | BG239: 2.3099 | BH239: 2.29758 | BI239: 2.29765 | BJ239: 2.27751 | BK239: 2.28372 | BL239: 2.27874 | BM239: 2.26876 | BN239: 2.21757 | BO239: 2.26259 | BP239: 2.2626 | BQ239: 2.25762 | BR239: 2.25764 | BS239: 2.2738 | BV239: 2.2709 | BW239: 2.2477 | BX239: 2.24771 | BY239: 2.26387 | BZ239: 2.25891 | CA239: 2.25892 | CB239: 2.24276 | CC239: 2.25396 | CD239: 2.26444 | CE239: 2.25398 | CF239: 2.244 | CG239: 2.24401 | CH239: 2.24402 | CI239: 2.24403 | CJ239: 2.23903 | CK239: 2.23904 | CL239: 2.23905 | CM239: 2.23407 | CN239: 2.22158 | CO239: 2.22159 | CP239: 2.22535 | CR239: 2.22038 | CS239: 2.22293 | CT239: 2.22293 | CU239: 2.22294 | CV239: 2.21992 | CW239: 2.21993 | CX239: 2.21993 | CY239: 2.21494 | CZ239: 2.21495 | DA239: 2.21495 | DB239: 2.09846
...

Sheet maturity
A1: =yields!A1 -> 0 | B1: =yields!B1 -> 42064 | C1: =yields!C1 -> 42078 | D1: =yields!D1 -> 42156 | E1: =yields!E1 -> 42248 | F1: =yields!F1 -> 42262 | G1: =yields!G1 -> 42339 | H1: =yields!H1 -> 42339 | ... DB1: =yields!DB1 -> 60237
A2: =yields!A2 -> 42006 | B2: =(B$1-$A2)/360 -> 0.16111111 | C2: =(C$1-$A2)/360 -> 0.2 | D2: =(D$1-$A2)/360 -> 0.41666667 | E2: =(E$1-$A2)/360 -> 0.67222222 | F2: =(F$1-$A2)/360 -> 0.71111111 | G2: =(G$1-$A2)/360 -> 0.925 | H2: =(H$1-$A2)/360 -> 0.925 | I2: =(I$1-$A2)/360 -> 1.1777778 | ... DB2: =(DB$1-$A2)/360 -> 50.641667
A3: =yields!A3 -> 42009 | B3: =(B$1-$A3)/360 -> 0.15277778 | C3: =(C$1-$A3)/360 -> 0.19166667 | D3: =(D$1-$A3)/360 -> 0.40833333 | E3: =(E$1-$A3)/360 -> 0.66388889 | F3: =(F$1-$A3)/360 -> 0.70277778 | G3: =(G$1-$A3)/360 -> 0.91666667 | H3: =(H$1-$A3)/360 -> 0.91666667 | I3: =(I$1-$A3)/360 -> 1.1694444 | ... DB3: =(DB$1-$A3)/360 -> 50.633333
A4: =yields!A4 -> 42010 | B4: =(B$1-$A4)/360 -> 0.15 | C4: =(C$1-$A4)/360 -> 0.18888889 | D4: =(D$1-$A4)/360 -> 0.40555556 | E4: =(E$1-$A4)/360 -> 0.66111111 | F4: =(F$1-$A4)/360 -> 0.7 | G4: =(G$1-$A4)/360 -> 0.91388889 | H4: =(H$1-$A4)/360 -> 0.91388889 | I4: =(I$1-$A4)/360 -> 1.1666667 | ... DB4: =(DB$1-$A4)/360 -> 50.630556
A5: =yields!A5 -> 42011 | B5: =(B$1-$A5)/360 -> 0.14722222 | C5: =(C$1-$A5)/360 -> 0.18611111 | D5: =(D$1-$A5)/360 -> 0.40277778 | E5: =(E$1-$A5)/360 -> 0.65833333 | F5: =(F$1-$A5)/360 -> 0.69722222 | G5: =(G$1-$A5)/360 -> 0.91111111 | H5: =(H$1-$A5)/360 -> 0.91111111 | I5: =(I$1-$A5)/360 -> 1.1638889 | ... DB5: =(DB$1-$A5)/360 -> 50.627778
A6: =yields!A6 -> 42012 | B6: =(B$1-$A6)/360 -> 0.14444444 | C6: =(C$1-$A6)/360 -> 0.18333333 | D6: =(D$1-$A6)/360 -> 0.4 | E6: =(E$1-$A6)/360 -> 0.65555556 | F6: =(F$1-$A6)/360 -> 0.69444444 | G6: =(G$1-$A6)/360 -> 0.90833333 | H6: =(H$1-$A6)/360 -> 0.90833333 | I6: =(I$1-$A6)/360 -> 1.1611111 | ... DB6: =(DB$1-$A6)/360 -> 50.625
A7: =yields!A7 -> 42013 | B7: =(B$1-$A7)/360 -> 0.14166667 | C7: =(C$1-$A7)/360 -> 0.18055556 | D7: =(D$1-$A7)/360 -> 0.39722222 | E7: =(E$1-$A7)/360 -> 0.65277778 | F7: =(F$1-$A7)/360 -> 0.69166667 | G7: =(G$1-$A7)/360 -> 0.90555556 | H7: =(H$1-$A7)/360 -> 0.90555556 | I7: =(I$1-$A7)/360 -> 1.1583333 | ... DB7: =(DB$1-$A7)/360 -> 50.622222
A8: =yields!A8 -> 42016 | B8: =(B$1-$A8)/360 -> 0.13333333 | C8: =(C$1-$A8)/360 -> 0.17222222 | D8: =(D$1-$A8)/360 -> 0.38888889 | E8: =(E$1-$A8)/360 -> 0.64444444 | F8: =(F$1-$A8)/360 -> 0.68333333 | G8: =(G$1-$A8)/360 -> 0.89722222 | H8: =(H$1-$A8)/360 -> 0.89722222 | I8: =(I$1-$A8)/360 -> 1.15 | ... DB8: =(DB$1-$A8)/360 -> 50.613889
A9: =yields!A9 -> 42017 | B9: =(B$1-$A9)/360 -> 0.13055556 | C9: =(C$1-$A9)/360 -> 0.16944444 | D9: =(D$1-$A9)/360 -> 0.38611111 | E9: =(E$1-$A9)/360 -> 0.64166667 | F9: =(F$1-$A9)/360 -> 0.68055556 | G9: =(G$1-$A9)/360 -> 0.89444444 | H9: =(H$1-$A9)/360 -> 0.89444444 | I9: =(I$1-$A9)/360 -> 1.1472222 | ... DB9: =(DB$1-$A9)/360 -> 50.611111
A10: =yields!A10 -> 42018 | B10: =(B$1-$A10)/360 -> 0.12777778 | C10: =(C$1-$A10)/360 -> 0.16666667 | D10: =(D$1-$A10)/360 -> 0.38333333 | E10: =(E$1-$A10)/360 -> 0.63888889 | F10: =(F$1-$A10)/360 -> 0.67777778 | G10: =(G$1-$A10)/360 -> 0.89166667 | H10: =(H$1-$A10)/360 -> 0.89166667 | I10: =(I$1-$A10)/360 -> 1.1444444 | ... DB10: =(DB$1-$A10)/360 -> 50.608333
A11: =yields!A11 -> 42019 | B11: =(B$1-$A11)/360 -> 0.125 | C11: =(C$1-$A11)/360 -> 0.16388889 | D11: =(D$1-$A11)/360 -> 0.38055556 | E11: =(E$1-$A11)/360 -> 0.63611111 | F11: =(F$1-$A11)/360 -> 0.675 | G11: =(G$1-$A11)/360 -> 0.88888889 | H11: =(H$1-$A11)/360 -> 0.88888889 | I11: =(I$1-$A11)/360 -> 1.1416667 | ... DB11: =(DB$1-$A11)/360 -> 50.605556
A12: =yields!A12 -> 42020 | B12: =(B$1-$A12)/360 -> 0.12222222 | C12: =(C$1-$A12)/360 -> 0.16111111 | D12: =(D$1-$A12)/360 -> 0.37777778 | E12: =(E$1-$A12)/360 -> 0.63333333 | F12: =(F$1-$A12)/360 -> 0.67222222 | G12: =(G$1-$A12)/360 -> 0.88611111 | H12: =(H$1-$A12)/360 -> 0.88611111 | I12: =(I$1-$A12)/360 -> 1.1388889 | ... DB12: =(DB$1-$A12)/360 -> 50.602778
A13: =yields!A13 -> 42023 | B13: =(B$1-$A13)/360 -> 0.11388889 | C13: =(C$1-$A13)/360 -> 0.15277778 | D13: =(D$1-$A13)/360 -> 0.36944444 | E13: =(E$1-$A13)/360 -> 0.625 | F13: =(F$1-$A13)/360 -> 0.66388889 | G13: =(G$1-$A13)/360 -> 0.87777778 | H13: =(H$1-$A13)/360 -> 0.87777778 | I13: =(I$1-$A13)/360 -> 1.1305556 | ... DB13: =(DB$1-$A13)/360 -> 50.594444
... A251: =yields!A251 -> 42369 | B251: =(B$1-$A251)/360 -> -0.84722222 | C251: =(C$1-$A251)/360 -> -0.80833333 | D251: =(D$1-$A251)/360 -> -0.59166667 | E251: =(E$1-$A251)/360 -> -0.33611111 | F251: =(F$1-$A251)/360 -> -0.29722222 | G251: =(G$1-$A251)/360 -> -0.083333333 | H251: =(H$1-$A251)/360 -> -0.083333333 | I251: =(I$1-$A251)/360 -> 0.16944444 | ... DB251: =(DB$1-$A251)/360 -> 49.633333
